model	regime	epoch	component	raw	weight	weighted	backward_scaled	probe_file
boundary CDS=0.03	heldout	1	splice	20.8601627	0.25	5.21504068	2.60752034	/home/bowencccc/cnn_mamba_k7_portable/data/processed/cds_boundary_r128/w10_frame/train/2L_minus_10000.npz
boundary CDS=0.03	heldout	1	start_stop	20.5417061	1	20.5417061	10.270853	/home/bowencccc/cnn_mamba_k7_portable/data/processed/cds_boundary_r128/w10_frame/train/2L_minus_10000.npz
boundary CDS=0.03	heldout	1	phase	19.5947227	0.1	1.95947227	0.979736137	/home/bowencccc/cnn_mamba_k7_portable/data/processed/cds_boundary_r128/w10_frame/train/2L_minus_10000.npz
boundary CDS=0.03	heldout	1	cds	21.1060238	0.03	0.633180714	0.316590357	/home/bowencccc/cnn_mamba_k7_portable/data/processed/cds_boundary_r128/w10_frame/train/2L_minus_10000.npz
boundary CDS=0.03	heldout	2	splice	0.514897168	0.25	0.128724292	0.064362146	/home/bowencccc/cnn_mamba_k7_portable/data/processed/cds_boundary_r128/w10_frame/train/2L_minus_10000.npz
boundary CDS=0.03	heldout	2	start_stop	0.569740772	1	0.569740772	0.284870386	/home/bowencccc/cnn_mamba_k7_portable/data/processed/cds_boundary_r128/w10_frame/train/2L_minus_10000.npz
boundary CDS=0.03	heldout	2	phase	9.01610661	0.1	0.901610661	0.45080533	/home/bowencccc/cnn_mamba_k7_portable/data/processed/cds_boundary_r128/w10_frame/train/2L_minus_10000.npz
boundary CDS=0.03	heldout	2	cds	6.70105028	0.03	0.201031508	0.100515754	/home/bowencccc/cnn_mamba_k7_portable/data/processed/cds_boundary_r128/w10_frame/train/2L_minus_10000.npz
boundary CDS=0.03	heldout	3	splice	0.279000521	0.25	0.0697501302	0.0348750651	/home/bowencccc/cnn_mamba_k7_portable/data/processed/cds_boundary_r128/w10_frame/train/2L_minus_10000.npz
boundary CDS=0.03	heldout	3	start_stop	0.355186105	1	0.355186105	0.177593052	/home/bowencccc/cnn_mamba_k7_portable/data/processed/cds_boundary_r128/w10_frame/train/2L_minus_10000.npz
boundary CDS=0.03	heldout	3	phase	12.8037586	0.1	1.28037586	0.640187931	/home/bowencccc/cnn_mamba_k7_portable/data/processed/cds_boundary_r128/w10_frame/train/2L_minus_10000.npz
boundary CDS=0.03	heldout	3	cds	7.01460361	0.03	0.210438108	0.105219054	/home/bowencccc/cnn_mamba_k7_portable/data/processed/cds_boundary_r128/w10_frame/train/2L_minus_10000.npz
boundary CDS=0.03	heldout	4	splice	0.30383119	0.25	0.0759577975	0.0379788987	/home/bowencccc/cnn_mamba_k7_portable/data/processed/cds_boundary_r128/w10_frame/train/2L_minus_10000.npz
boundary CDS=0.03	heldout	4	start_stop	0.180621728	1	0.180621728	0.0903108642	/home/bowencccc/cnn_mamba_k7_portable/data/processed/cds_boundary_r128/w10_frame/train/2L_minus_10000.npz
boundary CDS=0.03	heldout	4	phase	9.96854019	0.1	0.996854019	0.49842701	/home/bowencccc/cnn_mamba_k7_portable/data/processed/cds_boundary_r128/w10_frame/train/2L_minus_10000.npz
boundary CDS=0.03	heldout	4	cds	5.56541109	0.03	0.166962333	0.0834811664	/home/bowencccc/cnn_mamba_k7_portable/data/processed/cds_boundary_r128/w10_frame/train/2L_minus_10000.npz
boundary CDS=0.03	heldout	5	splice	0.338836998	0.25	0.0847092494	0.0423546247	/home/bowencccc/cnn_mamba_k7_portable/data/processed/cds_boundary_r128/w10_frame/train/2L_minus_10000.npz
boundary CDS=0.03	heldout	5	start_stop	0.219974622	1	0.219974622	0.109987311	/home/bowencccc/cnn_mamba_k7_portable/data/processed/cds_boundary_r128/w10_frame/train/2L_minus_10000.npz
boundary CDS=0.03	heldout	5	phase	2.46022677	0.1	0.246022677	0.123011339	/home/bowencccc/cnn_mamba_k7_portable/data/processed/cds_boundary_r128/w10_frame/train/2L_minus_10000.npz
boundary CDS=0.03	heldout	5	cds	5.50462723	0.03	0.165138817	0.0825694084	/home/bowencccc/cnn_mamba_k7_portable/data/processed/cds_boundary_r128/w10_frame/train/2L_minus_10000.npz
boundary CDS=0.03	heldout	6	splice	1.66236281	0.25	0.415590703	0.207795352	/home/bowencccc/cnn_mamba_k7_portable/data/processed/cds_boundary_r128/w10_frame/train/2L_minus_10000.npz
boundary CDS=0.03	heldout	6	start_stop	0.423975348	1	0.423975348	0.211987674	/home/bowencccc/cnn_mamba_k7_portable/data/processed/cds_boundary_r128/w10_frame/train/2L_minus_10000.npz
boundary CDS=0.03	heldout	6	phase	7.55886459	0.1	0.755886459	0.37794323	/home/bowencccc/cnn_mamba_k7_portable/data/processed/cds_boundary_r128/w10_frame/train/2L_minus_10000.npz
boundary CDS=0.03	heldout	6	cds	18.4427185	0.03	0.553281555	0.276640778	/home/bowencccc/cnn_mamba_k7_portable/data/processed/cds_boundary_r128/w10_frame/train/2L_minus_10000.npz
boundary CDS=0.03	heldout	7	splice	0.787222147	0.25	0.196805537	0.0984027684	/home/bowencccc/cnn_mamba_k7_portable/data/processed/cds_boundary_r128/w10_frame/train/2L_minus_10000.npz
boundary CDS=0.03	heldout	7	start_stop	0.465168506	1	0.465168506	0.232584253	/home/bowencccc/cnn_mamba_k7_portable/data/processed/cds_boundary_r128/w10_frame/train/2L_minus_10000.npz
boundary CDS=0.03	heldout	7	phase	12.4531965	0.1	1.24531965	0.622659826	/home/bowencccc/cnn_mamba_k7_portable/data/processed/cds_boundary_r128/w10_frame/train/2L_minus_10000.npz
boundary CDS=0.03	heldout	7	cds	4.65393353	0.03	0.139618006	0.0698090029	/home/bowencccc/cnn_mamba_k7_portable/data/processed/cds_boundary_r128/w10_frame/train/2L_minus_10000.npz
boundary CDS=0.03	heldout	8	splice	0.287275285	0.25	0.0718188211	0.0359094106	/home/bowencccc/cnn_mamba_k7_portable/data/processed/cds_boundary_r128/w10_frame/train/2L_minus_10000.npz
boundary CDS=0.03	heldout	8	start_stop	0.199655697	1	0.199655697	0.0998278484	/home/bowencccc/cnn_mamba_k7_portable/data/processed/cds_boundary_r128/w10_frame/train/2L_minus_10000.npz
boundary CDS=0.03	heldout	8	phase	1.59492207	0.1	0.159492207	0.0797461033	/home/bowencccc/cnn_mamba_k7_portable/data/processed/cds_boundary_r128/w10_frame/train/2L_minus_10000.npz
boundary CDS=0.03	heldout	8	cds	2.26900339	0.03	0.0680701017	0.0340350509	/home/bowencccc/cnn_mamba_k7_portable/data/processed/cds_boundary_r128/w10_frame/train/2L_minus_10000.npz
boundary CDS=0.03	heldout	9	splice	0.757329702	0.25	0.189332426	0.0946662128	/home/bowencccc/cnn_mamba_k7_portable/data/processed/cds_boundary_r128/w10_frame/train/2L_minus_10000.npz
boundary CDS=0.03	heldout	9	start_stop	0.340129226	1	0.340129226	0.170064613	/home/bowencccc/cnn_mamba_k7_portable/data/processed/cds_boundary_r128/w10_frame/train/2L_minus_10000.npz
boundary CDS=0.03	heldout	9	phase	16.7162914	0.1	1.67162914	0.835814571	/home/bowencccc/cnn_mamba_k7_portable/data/processed/cds_boundary_r128/w10_frame/train/2L_minus_10000.npz
boundary CDS=0.03	heldout	9	cds	4.8310957	0.03	0.144932871	0.0724664354	/home/bowencccc/cnn_mamba_k7_portable/data/processed/cds_boundary_r128/w10_frame/train/2L_minus_10000.npz
boundary CDS=0.03	heldout	10	splice	0.242570415	0.25	0.0606426038	0.0303213019	/home/bowencccc/cnn_mamba_k7_portable/data/processed/cds_boundary_r128/w10_frame/train/2L_minus_10000.npz
boundary CDS=0.03	heldout	10	start_stop	0.117736019	1	0.117736019	0.0588680096	/home/bowencccc/cnn_mamba_k7_portable/data/processed/cds_boundary_r128/w10_frame/train/2L_minus_10000.npz
boundary CDS=0.03	heldout	10	phase	4.18265438	0.1	0.418265438	0.209132719	/home/bowencccc/cnn_mamba_k7_portable/data/processed/cds_boundary_r128/w10_frame/train/2L_minus_10000.npz
boundary CDS=0.03	heldout	10	cds	2.03348207	0.03	0.0610044622	0.0305022311	/home/bowencccc/cnn_mamba_k7_portable/data/processed/cds_boundary_r128/w10_frame/train/2L_minus_10000.npz
boundary CDS=0.03	heldout	11	splice	0.114221908	0.25	0.028555477	0.0142777385	/home/bowencccc/cnn_mamba_k7_portable/data/processed/cds_boundary_r128/w10_frame/train/2L_minus_10000.npz
boundary CDS=0.03	heldout	11	start_stop	0.0877347365	1	0.0877347365	0.0438673683	/home/bowencccc/cnn_mamba_k7_portable/data/processed/cds_boundary_r128/w10_frame/train/2L_minus_10000.npz
boundary CDS=0.03	heldout	11	phase	0.65916419	0.1	0.065916419	0.0329582095	/home/bowencccc/cnn_mamba_k7_portable/data/processed/cds_boundary_r128/w10_frame/train/2L_minus_10000.npz
boundary CDS=0.03	heldout	11	cds	2.45241594	0.03	0.0735724783	0.0367862391	/home/bowencccc/cnn_mamba_k7_portable/data/processed/cds_boundary_r128/w10_frame/train/2L_minus_10000.npz
boundary CDS=0.03	heldout	12	splice	0.206677154	0.25	0.0516692884	0.0258346442	/home/bowencccc/cnn_mamba_k7_portable/data/processed/cds_boundary_r128/w10_frame/train/2L_minus_10000.npz
boundary CDS=0.03	heldout	12	start_stop	0.0762723759	1	0.0762723759	0.0381361879	/home/bowencccc/cnn_mamba_k7_portable/data/processed/cds_boundary_r128/w10_frame/train/2L_minus_10000.npz
boundary CDS=0.03	heldout	12	phase	7.21017361	0.1	0.721017361	0.36050868	/home/bowencccc/cnn_mamba_k7_portable/data/processed/cds_boundary_r128/w10_frame/train/2L_minus_10000.npz
boundary CDS=0.03	heldout	12	cds	1.81212044	0.03	0.0543636131	0.0271818066	/home/bowencccc/cnn_mamba_k7_portable/data/processed/cds_boundary_r128/w10_frame/train/2L_minus_10000.npz
boundary CDS=0.03	heldout	13	splice	0.121000424	0.25	0.030250106	0.015125053	/home/bowencccc/cnn_mamba_k7_portable/data/processed/cds_boundary_r128/w10_frame/train/2L_minus_10000.npz
boundary CDS=0.03	heldout	13	start_stop	0.194249302	1	0.194249302	0.0971246511	/home/bowencccc/cnn_mamba_k7_portable/data/processed/cds_boundary_r128/w10_frame/train/2L_minus_10000.npz
boundary CDS=0.03	heldout	13	phase	0.439839303	0.1	0.0439839303	0.0219919652	/home/bowencccc/cnn_mamba_k7_portable/data/processed/cds_boundary_r128/w10_frame/train/2L_minus_10000.npz
boundary CDS=0.03	heldout	13	cds	1.79949117	0.03	0.053984735	0.0269923675	/home/bowencccc/cnn_mamba_k7_portable/data/processed/cds_boundary_r128/w10_frame/train/2L_minus_10000.npz
boundary CDS=0.03	heldout	14	splice	0.231233865	0.25	0.0578084663	0.0289042331	/home/bowencccc/cnn_mamba_k7_portable/data/processed/cds_boundary_r128/w10_frame/train/2L_minus_10000.npz
boundary CDS=0.03	heldout	14	start_stop	0.0640503988	1	0.0640503988	0.0320251994	/home/bowencccc/cnn_mamba_k7_portable/data/processed/cds_boundary_r128/w10_frame/train/2L_minus_10000.npz
boundary CDS=0.03	heldout	14	phase	1.235726	0.1	0.1235726	0.0617862999	/home/bowencccc/cnn_mamba_k7_portable/data/processed/cds_boundary_r128/w10_frame/train/2L_minus_10000.npz
boundary CDS=0.03	heldout	14	cds	2.22258353	0.03	0.066677506	0.033338753	/home/bowencccc/cnn_mamba_k7_portable/data/processed/cds_boundary_r128/w10_frame/train/2L_minus_10000.npz
boundary CDS=0.03	heldout	15	splice	0.104936734	0.25	0.0262341835	0.0131170917	/home/bowencccc/cnn_mamba_k7_portable/data/processed/cds_boundary_r128/w10_frame/train/2L_minus_10000.npz
boundary CDS=0.03	heldout	15	start_stop	0.210642412	1	0.210642412	0.105321206	/home/bowencccc/cnn_mamba_k7_portable/data/processed/cds_boundary_r128/w10_frame/train/2L_minus_10000.npz
boundary CDS=0.03	heldout	15	phase	14.3486099	0.1	1.43486099	0.717430496	/home/bowencccc/cnn_mamba_k7_portable/data/processed/cds_boundary_r128/w10_frame/train/2L_minus_10000.npz
boundary CDS=0.03	heldout	15	cds	2.19647622	0.03	0.0658942866	0.0329471433	/home/bowencccc/cnn_mamba_k7_portable/data/processed/cds_boundary_r128/w10_frame/train/2L_minus_10000.npz
boundary CDS=0.03	heldout	16	splice	0.378680885	0.25	0.0946702212	0.0473351106	/home/bowencccc/cnn_mamba_k7_portable/data/processed/cds_boundary_r128/w10_frame/train/2L_minus_10000.npz
boundary CDS=0.03	heldout	16	start_stop	1.40804255	1	1.40804255	0.704021275	/home/bowencccc/cnn_mamba_k7_portable/data/processed/cds_boundary_r128/w10_frame/train/2L_minus_10000.npz
boundary CDS=0.03	heldout	16	phase	20.6090927	0.1	2.06090927	1.03045464	/home/bowencccc/cnn_mamba_k7_portable/data/processed/cds_boundary_r128/w10_frame/train/2L_minus_10000.npz
boundary CDS=0.03	heldout	16	cds	3.74146795	0.03	0.112244039	0.0561220193	/home/bowencccc/cnn_mamba_k7_portable/data/processed/cds_boundary_r128/w10_frame/train/2L_minus_10000.npz
boundary CDS=0.03	heldout	17	splice	0.120171309	0.25	0.0300428271	0.0150214136	/home/bowencccc/cnn_mamba_k7_portable/data/processed/cds_boundary_r128/w10_frame/train/2L_minus_10000.npz
boundary CDS=0.03	heldout	17	start_stop	0.21735616	1	0.21735616	0.10867808	/home/bowencccc/cnn_mamba_k7_portable/data/processed/cds_boundary_r128/w10_frame/train/2L_minus_10000.npz
boundary CDS=0.03	heldout	17	phase	1.91019404	0.1	0.191019404	0.095509702	/home/bowencccc/cnn_mamba_k7_portable/data/processed/cds_boundary_r128/w10_frame/train/2L_minus_10000.npz
boundary CDS=0.03	heldout	17	cds	0.559648871	0.03	0.0167894661	0.00839473307	/home/bowencccc/cnn_mamba_k7_portable/data/processed/cds_boundary_r128/w10_frame/train/2L_minus_10000.npz
boundary CDS=0.03	heldout	18	splice	0.174655855	0.25	0.0436639637	0.0218319818	/home/bowencccc/cnn_mamba_k7_portable/data/processed/cds_boundary_r128/w10_frame/train/2L_minus_10000.npz
boundary CDS=0.03	heldout	18	start_stop	0.114893861	1	0.114893861	0.0574469306	/home/bowencccc/cnn_mamba_k7_portable/data/processed/cds_boundary_r128/w10_frame/train/2L_minus_10000.npz
boundary CDS=0.03	heldout	18	phase	0.372051865	0.1	0.0372051865	0.0186025932	/home/bowencccc/cnn_mamba_k7_portable/data/processed/cds_boundary_r128/w10_frame/train/2L_minus_10000.npz
boundary CDS=0.03	heldout	18	cds	4.64556742	0.03	0.139367023	0.0696835113	/home/bowencccc/cnn_mamba_k7_portable/data/processed/cds_boundary_r128/w10_frame/train/2L_minus_10000.npz
boundary CDS=0.03	heldout	19	splice	0.112785913	0.25	0.0281964783	0.0140982391	/home/bowencccc/cnn_mamba_k7_portable/data/processed/cds_boundary_r128/w10_frame/train/2L_minus_10000.npz
boundary CDS=0.03	heldout	19	start_stop	0.0883056968	1	0.0883056968	0.0441528484	/home/bowencccc/cnn_mamba_k7_portable/data/processed/cds_boundary_r128/w10_frame/train/2L_minus_10000.npz
boundary CDS=0.03	heldout	19	phase	0.547573388	0.1	0.0547573388	0.0273786694	/home/bowencccc/cnn_mamba_k7_portable/data/processed/cds_boundary_r128/w10_frame/train/2L_minus_10000.npz
boundary CDS=0.03	heldout	19	cds	0.845603824	0.03	0.0253681147	0.0126840574	/home/bowencccc/cnn_mamba_k7_portable/data/processed/cds_boundary_r128/w10_frame/train/2L_minus_10000.npz
boundary CDS=0.03	chrxtrain	1	splice	20.8601627	0.25	5.21504068	2.60752034	/home/bowencccc/cnn_mamba_k7_portable/data/processed/cds_boundary_r128/w10_frame/train/2L_minus_10000.npz
boundary CDS=0.03	chrxtrain	1	start_stop	20.5417061	1	20.5417061	10.270853	/home/bowencccc/cnn_mamba_k7_portable/data/processed/cds_boundary_r128/w10_frame/train/2L_minus_10000.npz
boundary CDS=0.03	chrxtrain	1	phase	19.5947227	0.1	1.95947227	0.979736137	/home/bowencccc/cnn_mamba_k7_portable/data/processed/cds_boundary_r128/w10_frame/train/2L_minus_10000.npz
boundary CDS=0.03	chrxtrain	1	cds	21.1060238	0.03	0.633180714	0.316590357	/home/bowencccc/cnn_mamba_k7_portable/data/processed/cds_boundary_r128/w10_frame/train/2L_minus_10000.npz
boundary CDS=0.03	chrxtrain	2	splice	0.235195488	0.25	0.0587988719	0.029399436	/home/bowencccc/cnn_mamba_k7_portable/data/processed/cds_boundary_r128/w10_frame/train/2L_minus_10000.npz
boundary CDS=0.03	chrxtrain	2	start_stop	0.336379349	1	0.336379349	0.168189675	/home/bowencccc/cnn_mamba_k7_portable/data/processed/cds_boundary_r128/w10_frame/train/2L_minus_10000.npz
boundary CDS=0.03	chrxtrain	2	phase	10.817646	0.1	1.0817646	0.540882301	/home/bowencccc/cnn_mamba_k7_portable/data/processed/cds_boundary_r128/w10_frame/train/2L_minus_10000.npz
boundary CDS=0.03	chrxtrain	2	cds	5.54446602	0.03	0.166333981	0.0831669903	/home/bowencccc/cnn_mamba_k7_portable/data/processed/cds_boundary_r128/w10_frame/train/2L_minus_10000.npz
boundary CDS=0.03	chrxtrain	3	splice	0.366809875	0.25	0.0917024687	0.0458512343	/home/bowencccc/cnn_mamba_k7_portable/data/processed/cds_boundary_r128/w10_frame/train/2L_minus_10000.npz
boundary CDS=0.03	chrxtrain	3	start_stop	0.411980093	1	0.411980093	0.205990046	/home/bowencccc/cnn_mamba_k7_portable/data/processed/cds_boundary_r128/w10_frame/train/2L_minus_10000.npz
boundary CDS=0.03	chrxtrain	3	phase	9.26856327	0.1	0.926856327	0.463428164	/home/bowencccc/cnn_mamba_k7_portable/data/processed/cds_boundary_r128/w10_frame/train/2L_minus_10000.npz
boundary CDS=0.03	chrxtrain	3	cds	11.7788696	0.03	0.353366089	0.176683044	/home/bowencccc/cnn_mamba_k7_portable/data/processed/cds_boundary_r128/w10_frame/train/2L_minus_10000.npz
boundary CDS=0.03	chrxtrain	4	splice	0.356050402	0.25	0.0890126005	0.0445063002	/home/bowencccc/cnn_mamba_k7_portable/data/processed/cds_boundary_r128/w10_frame/train/2L_minus_10000.npz
boundary CDS=0.03	chrxtrain	4	start_stop	0.476803333	1	0.476803333	0.238401666	/home/bowencccc/cnn_mamba_k7_portable/data/processed/cds_boundary_r128/w10_frame/train/2L_minus_10000.npz
boundary CDS=0.03	chrxtrain	4	phase	15.5010614	0.1	1.55010614	0.775053072	/home/bowencccc/cnn_mamba_k7_portable/data/processed/cds_boundary_r128/w10_frame/train/2L_minus_10000.npz
boundary CDS=0.03	chrxtrain	4	cds	6.0617938	0.03	0.181853814	0.0909269071	/home/bowencccc/cnn_mamba_k7_portable/data/processed/cds_boundary_r128/w10_frame/train/2L_minus_10000.npz
boundary CDS=0.03	chrxtrain	5	splice	0.434813976	0.25	0.108703494	0.054351747	/home/bowencccc/cnn_mamba_k7_portable/data/processed/cds_boundary_r128/w10_frame/train/2L_minus_10000.npz
boundary CDS=0.03	chrxtrain	5	start_stop	0.226117179	1	0.226117179	0.113058589	/home/bowencccc/cnn_mamba_k7_portable/data/processed/cds_boundary_r128/w10_frame/train/2L_minus_10000.npz
boundary CDS=0.03	chrxtrain	5	phase	2.09167981	0.1	0.209167981	0.104583991	/home/bowencccc/cnn_mamba_k7_portable/data/processed/cds_boundary_r128/w10_frame/train/2L_minus_10000.npz
boundary CDS=0.03	chrxtrain	5	cds	7.53811884	0.03	0.226143565	0.113071783	/home/bowencccc/cnn_mamba_k7_portable/data/processed/cds_boundary_r128/w10_frame/train/2L_minus_10000.npz
boundary CDS=0.03	chrxtrain	6	splice	0.478597105	0.25	0.119649276	0.0598246381	/home/bowencccc/cnn_mamba_k7_portable/data/processed/cds_boundary_r128/w10_frame/train/2L_minus_10000.npz
boundary CDS=0.03	chrxtrain	6	start_stop	0.184034228	1	0.184034228	0.0920171142	/home/bowencccc/cnn_mamba_k7_portable/data/processed/cds_boundary_r128/w10_frame/train/2L_minus_10000.npz
boundary CDS=0.03	chrxtrain	6	phase	5.74687195	0.1	0.574687195	0.287343597	/home/bowencccc/cnn_mamba_k7_portable/data/processed/cds_boundary_r128/w10_frame/train/2L_minus_10000.npz
boundary CDS=0.03	chrxtrain	6	cds	5.31842852	0.03	0.159552855	0.0797764277	/home/bowencccc/cnn_mamba_k7_portable/data/processed/cds_boundary_r128/w10_frame/train/2L_minus_10000.npz
boundary CDS=0.03	chrxtrain	7	splice	0.161181644	0.25	0.0402954109	0.0201477055	/home/bowencccc/cnn_mamba_k7_portable/data/processed/cds_boundary_r128/w10_frame/train/2L_minus_10000.npz
boundary CDS=0.03	chrxtrain	7	start_stop	0.159221396	1	0.159221396	0.0796106979	/home/bowencccc/cnn_mamba_k7_portable/data/processed/cds_boundary_r128/w10_frame/train/2L_minus_10000.npz
boundary CDS=0.03	chrxtrain	7	phase	10.5939722	0.1	1.05939722	0.52969861	/home/bowencccc/cnn_mamba_k7_portable/data/processed/cds_boundary_r128/w10_frame/train/2L_minus_10000.npz
boundary CDS=0.03	chrxtrain	7	cds	2.6228559	0.03	0.0786856771	0.0393428385	/home/bowencccc/cnn_mamba_k7_portable/data/processed/cds_boundary_r128/w10_frame/train/2L_minus_10000.npz
boundary CDS=0.03	chrxtrain	8	splice	0.209079787	0.25	0.0522699468	0.0261349734	/home/bowencccc/cnn_mamba_k7_portable/data/processed/cds_boundary_r128/w10_frame/train/2L_minus_10000.npz
boundary CDS=0.03	chrxtrain	8	start_stop	0.11977049	1	0.11977049	0.0598852448	/home/bowencccc/cnn_mamba_k7_portable/data/processed/cds_boundary_r128/w10_frame/train/2L_minus_10000.npz
boundary CDS=0.03	chrxtrain	8	phase	2.2901485	0.1	0.22901485	0.114507425	/home/bowencccc/cnn_mamba_k7_portable/data/processed/cds_boundary_r128/w10_frame/train/2L_minus_10000.npz
boundary CDS=0.03	chrxtrain	8	cds	1.98288321	0.03	0.0594864964	0.0297432482	/home/bowencccc/cnn_mamba_k7_portable/data/processed/cds_boundary_r128/w10_frame/train/2L_minus_10000.npz
boundary CDS=0.03	chrxtrain	9	splice	0.247318983	0.25	0.0618297458	0.0309148729	/home/bowencccc/cnn_mamba_k7_portable/data/processed/cds_boundary_r128/w10_frame/train/2L_minus_10000.npz
boundary CDS=0.03	chrxtrain	9	start_stop	0.144459009	1	0.144459009	0.0722295046	/home/bowencccc/cnn_mamba_k7_portable/data/processed/cds_boundary_r128/w10_frame/train/2L_minus_10000.npz
boundary CDS=0.03	chrxtrain	9	phase	33.5105743	0.1	3.35105743	1.67552872	/home/bowencccc/cnn_mamba_k7_portable/data/processed/cds_boundary_r128/w10_frame/train/2L_minus_10000.npz
boundary CDS=0.03	chrxtrain	9	cds	2.19857359	0.03	0.0659572077	0.0329786038	/home/bowencccc/cnn_mamba_k7_portable/data/processed/cds_boundary_r128/w10_frame/train/2L_minus_10000.npz
boundary CDS=0.03	chrxtrain	10	splice	0.192008361	0.25	0.0480020903	0.0240010452	/home/bowencccc/cnn_mamba_k7_portable/data/processed/cds_boundary_r128/w10_frame/train/2L_minus_10000.npz
boundary CDS=0.03	chrxtrain	10	start_stop	0.180755764	1	0.180755764	0.0903778821	/home/bowencccc/cnn_mamba_k7_portable/data/processed/cds_boundary_r128/w10_frame/train/2L_minus_10000.npz
boundary CDS=0.03	chrxtrain	10	phase	5.38387632	0.1	0.538387632	0.269193816	/home/bowencccc/cnn_mamba_k7_portable/data/processed/cds_boundary_r128/w10_frame/train/2L_minus_10000.npz
boundary CDS=0.03	chrxtrain	10	cds	3.04847312	0.03	0.0914541936	0.0457270968	/home/bowencccc/cnn_mamba_k7_portable/data/processed/cds_boundary_r128/w10_frame/train/2L_minus_10000.npz
boundary CDS=0.03	chrxtrain	11	splice	0.168428451	0.25	0.0421071127	0.0210535564	/home/bowencccc/cnn_mamba_k7_portable/data/processed/cds_boundary_r128/w10_frame/train/2L_minus_10000.npz
boundary CDS=0.03	chrxtrain	11	start_stop	0.143648967	1	0.143648967	0.0718244836	/home/bowencccc/cnn_mamba_k7_portable/data/processed/cds_boundary_r128/w10_frame/train/2L_minus_10000.npz
boundary CDS=0.03	chrxtrain	11	phase	0.392374247	0.1	0.0392374247	0.0196187124	/home/bowencccc/cnn_mamba_k7_portable/data/processed/cds_boundary_r128/w10_frame/train/2L_minus_10000.npz
boundary CDS=0.03	chrxtrain	11	cds	2.63515258	0.03	0.0790545774	0.0395272887	/home/bowencccc/cnn_mamba_k7_portable/data/processed/cds_boundary_r128/w10_frame/train/2L_minus_10000.npz
boundary CDS=0.03	chrxtrain	12	splice	0.247259572	0.25	0.061814893	0.0309074465	/home/bowencccc/cnn_mamba_k7_portable/data/processed/cds_boundary_r128/w10_frame/train/2L_minus_10000.npz
boundary CDS=0.03	chrxtrain	12	start_stop	0.0892387182	1	0.0892387182	0.0446193591	/home/bowencccc/cnn_mamba_k7_portable/data/processed/cds_boundary_r128/w10_frame/train/2L_minus_10000.npz
boundary CDS=0.03	chrxtrain	12	phase	0.198659927	0.1	0.0198659927	0.00993299633	/home/bowencccc/cnn_mamba_k7_portable/data/processed/cds_boundary_r128/w10_frame/train/2L_minus_10000.npz
boundary CDS=0.03	chrxtrain	12	cds	1.88855791	0.03	0.0566567373	0.0283283687	/home/bowencccc/cnn_mamba_k7_portable/data/processed/cds_boundary_r128/w10_frame/train/2L_minus_10000.npz
boundary CDS=0.03	chrxtrain	13	splice	0.0921836346	0.25	0.0230459087	0.0115229543	/home/bowencccc/cnn_mamba_k7_portable/data/processed/cds_boundary_r128/w10_frame/train/2L_minus_10000.npz
boundary CDS=0.03	chrxtrain	13	start_stop	0.245583877	1	0.245583877	0.122791938	/home/bowencccc/cnn_mamba_k7_portable/data/processed/cds_boundary_r128/w10_frame/train/2L_minus_10000.npz
boundary CDS=0.03	chrxtrain	13	phase	0.784207702	0.1	0.0784207702	0.0392103851	/home/bowencccc/cnn_mamba_k7_portable/data/processed/cds_boundary_r128/w10_frame/train/2L_minus_10000.npz
boundary CDS=0.03	chrxtrain	13	cds	3.59918666	0.03	0.1079756	0.0539877999	/home/bowencccc/cnn_mamba_k7_portable/data/processed/cds_boundary_r128/w10_frame/train/2L_minus_10000.npz
boundary CDS=0.03	chrxtrain	14	splice	0.0809238106	0.25	0.0202309527	0.0101154763	/home/bowencccc/cnn_mamba_k7_portable/data/processed/cds_boundary_r128/w10_frame/train/2L_minus_10000.npz
boundary CDS=0.03	chrxtrain	14	start_stop	0.120736308	1	0.120736308	0.0603681542	/home/bowencccc/cnn_mamba_k7_portable/data/processed/cds_boundary_r128/w10_frame/train/2L_minus_10000.npz
boundary CDS=0.03	chrxtrain	14	phase	1.57010472	0.1	0.157010472	0.0785052359	/home/bowencccc/cnn_mamba_k7_portable/data/processed/cds_boundary_r128/w10_frame/train/2L_minus_10000.npz
boundary CDS=0.03	chrxtrain	14	cds	1.10108638	0.03	0.0330325913	0.0165162957	/home/bowencccc/cnn_mamba_k7_portable/data/processed/cds_boundary_r128/w10_frame/train/2L_minus_10000.npz
boundary CDS=0.03	chrxtrain	15	splice	0.0793171227	0.25	0.0198292807	0.00991464034	/home/bowencccc/cnn_mamba_k7_portable/data/processed/cds_boundary_r128/w10_frame/train/2L_minus_10000.npz
boundary CDS=0.03	chrxtrain	15	start_stop	0.0354599841	1	0.0354599841	0.017729992	/home/bowencccc/cnn_mamba_k7_portable/data/processed/cds_boundary_r128/w10_frame/train/2L_minus_10000.npz
boundary CDS=0.03	chrxtrain	15	phase	0.41674903	0.1	0.041674903	0.0208374515	/home/bowencccc/cnn_mamba_k7_portable/data/processed/cds_boundary_r128/w10_frame/train/2L_minus_10000.npz
boundary CDS=0.03	chrxtrain	15	cds	0.582942963	0.03	0.0174882889	0.00874414444	/home/bowencccc/cnn_mamba_k7_portable/data/processed/cds_boundary_r128/w10_frame/train/2L_minus_10000.npz
boundary CDS=0.03	chrxtrain	16	splice	0.140480757	0.25	0.0351201892	0.0175600946	/home/bowencccc/cnn_mamba_k7_portable/data/processed/cds_boundary_r128/w10_frame/train/2L_minus_10000.npz
boundary CDS=0.03	chrxtrain	16	start_stop	0.155146584	1	0.155146584	0.077573292	/home/bowencccc/cnn_mamba_k7_portable/data/processed/cds_boundary_r128/w10_frame/train/2L_minus_10000.npz
boundary CDS=0.03	chrxtrain	16	phase	0.0893685147	0.1	0.00893685147	0.00446842574	/home/bowencccc/cnn_mamba_k7_portable/data/processed/cds_boundary_r128/w10_frame/train/2L_minus_10000.npz
boundary CDS=0.03	chrxtrain	16	cds	1.35349119	0.03	0.0406047356	0.0203023678	/home/bowencccc/cnn_mamba_k7_portable/data/processed/cds_boundary_r128/w10_frame/train/2L_minus_10000.npz
