regime	window_kb	epoch_progress	epoch	batch	batches_in_epoch	train_loss	source
heldout	5	0.06711409395973154	1	500.0	7450.0	0.26257	running_log
heldout	5	0.1342281879194631	1	1000.0	7450.0	0.14348	running_log
heldout	5	0.20134228187919462	1	1500.0	7450.0	0.10257	running_log
heldout	5	0.2684563758389262	1	2000.0	7450.0	0.08164	running_log
heldout	5	0.33557046979865773	1	2500.0	7450.0	0.06873	running_log
heldout	5	0.40268456375838924	1	3000.0	7450.0	0.05991	running_log
heldout	5	0.4697986577181208	1	3500.0	7450.0	0.05364	running_log
heldout	5	0.5369127516778524	1	4000.0	7450.0	0.04881	running_log
heldout	5	0.6040268456375839	1	4500.0	7450.0	0.0451	running_log
heldout	5	0.6711409395973155	1	5000.0	7450.0	0.04207	running_log
heldout	5	0.738255033557047	1	5500.0	7450.0	0.03953	running_log
heldout	5	0.8053691275167785	1	6000.0	7450.0	0.03743	running_log
heldout	5	0.87248322147651	1	6500.0	7450.0	0.0356	running_log
heldout	5	0.9395973154362416	1	7000.0	7450.0	0.03405	running_log
heldout	5	1.0	1			0.03281163429040946	epoch_mean
heldout	5	1.0671140939597314	2	500.0	7450.0	0.01282	running_log
heldout	5	1.1342281879194631	2	1000.0	7450.0	0.01309	running_log
heldout	5	1.2013422818791946	2	1500.0	7450.0	0.01307	running_log
heldout	5	1.2684563758389262	2	2000.0	7450.0	0.01299	running_log
heldout	5	1.3355704697986577	2	2500.0	7450.0	0.01291	running_log
heldout	5	1.4026845637583891	2	3000.0	7450.0	0.01279	running_log
heldout	5	1.4697986577181208	2	3500.0	7450.0	0.01271	running_log
heldout	5	1.5369127516778525	2	4000.0	7450.0	0.0127	running_log
heldout	5	1.604026845637584	2	4500.0	7450.0	0.01262	running_log
heldout	5	1.6711409395973154	2	5000.0	7450.0	0.01257	running_log
heldout	5	1.738255033557047	2	5500.0	7450.0	0.01247	running_log
heldout	5	1.8053691275167785	2	6000.0	7450.0	0.01244	running_log
heldout	5	1.87248322147651	2	6500.0	7450.0	0.01238	running_log
heldout	5	1.9395973154362416	2	7000.0	7450.0	0.01232	running_log
heldout	5	2.0	2			0.01225506508053904	epoch_mean
heldout	5	2.0671140939597317	3	500.0	7450.0	0.0107	running_log
heldout	5	2.134228187919463	3	1000.0	7450.0	0.01061	running_log
heldout	5	2.2013422818791946	3	1500.0	7450.0	0.01054	running_log
heldout	5	2.2684563758389262	3	2000.0	7450.0	0.01059	running_log
heldout	5	2.335570469798658	3	2500.0	7450.0	0.01063	running_log
heldout	5	2.402684563758389	3	3000.0	7450.0	0.01057	running_log
heldout	5	2.469798657718121	3	3500.0	7450.0	0.01062	running_log
heldout	5	2.5369127516778525	3	4000.0	7450.0	0.01063	running_log
heldout	5	2.604026845637584	3	4500.0	7450.0	0.01058	running_log
heldout	5	2.6711409395973154	3	5000.0	7450.0	0.01051	running_log
heldout	5	2.738255033557047	3	5500.0	7450.0	0.01046	running_log
heldout	5	2.8053691275167782	3	6000.0	7450.0	0.01047	running_log
heldout	5	2.87248322147651	3	6500.0	7450.0	0.01041	running_log
heldout	5	2.9395973154362416	3	7000.0	7450.0	0.01035	running_log
heldout	5	3.0	3			0.010305123159958983	epoch_mean
heldout	5	3.0671140939597317	4	500.0	7450.0	0.00863	running_log
heldout	5	3.134228187919463	4	1000.0	7450.0	0.00857	running_log
heldout	5	3.2013422818791946	4	1500.0	7450.0	0.00868	running_log
heldout	5	3.2684563758389262	4	2000.0	7450.0	0.0087	running_log
heldout	5	3.335570469798658	4	2500.0	7450.0	0.00866	running_log
heldout	5	3.402684563758389	4	3000.0	7450.0	0.00857	running_log
heldout	5	3.469798657718121	4	3500.0	7450.0	0.0085	running_log
heldout	5	3.5369127516778525	4	4000.0	7450.0	0.00853	running_log
heldout	5	3.604026845637584	4	4500.0	7450.0	0.00849	running_log
heldout	5	3.6711409395973154	4	5000.0	7450.0	0.00846	running_log
heldout	5	3.738255033557047	4	5500.0	7450.0	0.00846	running_log
heldout	5	3.8053691275167782	4	6000.0	7450.0	0.00842	running_log
heldout	5	3.87248322147651	4	6500.0	7450.0	0.00839	running_log
heldout	5	3.9395973154362416	4	7000.0	7450.0	0.00831	running_log
heldout	5	4.0	4			0.008275804117071656	epoch_mean
heldout	5	4.067114093959732	5	500.0	7450.0	0.0069	running_log
heldout	5	4.134228187919463	5	1000.0	7450.0	0.00678	running_log
heldout	5	4.201342281879195	5	1500.0	7450.0	0.00662	running_log
heldout	5	4.268456375838926	5	2000.0	7450.0	0.00668	running_log
heldout	5	4.3355704697986575	5	2500.0	7450.0	0.00671	running_log
heldout	5	4.402684563758389	5	3000.0	7450.0	0.0067	running_log
heldout	5	4.469798657718121	5	3500.0	7450.0	0.00666	running_log
heldout	5	4.5369127516778525	5	4000.0	7450.0	0.00663	running_log
heldout	5	4.604026845637584	5	4500.0	7450.0	0.00658	running_log
heldout	5	4.671140939597316	5	5000.0	7450.0	0.00657	running_log
heldout	5	4.7382550335570475	5	5500.0	7450.0	0.00652	running_log
heldout	5	4.805369127516778	5	6000.0	7450.0	0.00651	running_log
heldout	5	4.87248322147651	5	6500.0	7450.0	0.0065	running_log
heldout	5	4.939597315436242	5	7000.0	7450.0	0.00651	running_log
heldout	5	5.0	5			0.006498071738304793	epoch_mean
heldout	10	0.11266336187471834	1	500.0	4438.0	0.25704	running_log
heldout	10	0.22532672374943669	1	1000.0	4438.0	0.13817	running_log
heldout	10	0.337990085624155	1	1500.0	4438.0	0.09734	running_log
heldout	10	0.45065344749887337	1	2000.0	4438.0	0.07671	running_log
heldout	10	0.5633168093735917	1	2500.0	4438.0	0.06406	running_log
heldout	10	0.67598017124831	1	3000.0	4438.0	0.05544	running_log
heldout	10	0.7886435331230284	1	3500.0	4438.0	0.04928	running_log
heldout	10	0.9013068949977467	1	4000.0	4438.0	0.04461	running_log
heldout	10	1.0	1			0.041379477599464795	epoch_mean
heldout	10	1.1126633618747184	2	500.0	4438.0	0.01087	running_log
heldout	10	1.2253267237494367	2	1000.0	4438.0	0.01095	running_log
heldout	10	1.337990085624155	2	1500.0	4438.0	0.01091	running_log
heldout	10	1.4506534474988735	2	2000.0	4438.0	0.01088	running_log
heldout	10	1.5633168093735916	2	2500.0	4438.0	0.01078	running_log
heldout	10	1.67598017124831	2	3000.0	4438.0	0.01063	running_log
heldout	10	1.7886435331230284	2	3500.0	4438.0	0.01053	running_log
heldout	10	1.9013068949977467	2	4000.0	4438.0	0.01045	running_log
heldout	10	2.0	2			0.010388177357856262	epoch_mean
heldout	10	2.112663361874718	3	500.0	4438.0	0.00928	running_log
heldout	10	2.2253267237494367	3	1000.0	4438.0	0.00922	running_log
heldout	10	2.337990085624155	3	1500.0	4438.0	0.00913	running_log
heldout	10	2.4506534474988735	3	2000.0	4438.0	0.00906	running_log
heldout	10	2.5633168093735916	3	2500.0	4438.0	0.00899	running_log
heldout	10	2.67598017124831	3	3000.0	4438.0	0.00887	running_log
heldout	10	2.7886435331230284	3	3500.0	4438.0	0.00881	running_log
heldout	10	2.901306894997747	3	4000.0	4438.0	0.00872	running_log
heldout	10	3.0	3			0.008688709718455017	epoch_mean
heldout	10	3.112663361874718	4	500.0	4438.0	0.00737	running_log
heldout	10	3.2253267237494367	4	1000.0	4438.0	0.00729	running_log
heldout	10	3.337990085624155	4	1500.0	4438.0	0.00731	running_log
heldout	10	3.4506534474988735	4	2000.0	4438.0	0.00717	running_log
heldout	10	3.5633168093735916	4	2500.0	4438.0	0.00715	running_log
heldout	10	3.67598017124831	4	3000.0	4438.0	0.00706	running_log
heldout	10	3.7886435331230284	4	3500.0	4438.0	0.00708	running_log
heldout	10	3.901306894997747	4	4000.0	4438.0	0.00707	running_log
heldout	10	4.0	4			0.006992649562209396	epoch_mean
heldout	10	4.112663361874718	5	500.0	4438.0	0.00577	running_log
heldout	10	4.225326723749436	5	1000.0	4438.0	0.00587	running_log
heldout	10	4.337990085624155	5	1500.0	4438.0	0.00587	running_log
heldout	10	4.4506534474988735	5	2000.0	4438.0	0.0058	running_log
heldout	10	4.563316809373592	5	2500.0	4438.0	0.00572	running_log
heldout	10	4.67598017124831	5	3000.0	4438.0	0.00565	running_log
heldout	10	4.788643533123029	5	3500.0	4438.0	0.00564	running_log
heldout	10	4.901306894997747	5	4000.0	4438.0	0.00559	running_log
heldout	10	5.0	5			0.005536844483341156	epoch_mean
heldout	20	0.09340556697179152	1	500.0	5353.0	0.48348	running_log
heldout	20	0.18681113394358304	1	1000.0	5353.0	0.25365	running_log
heldout	20	0.28021670091537454	1	1500.0	5353.0	0.17493	running_log
heldout	20	0.37362226788716607	1	2000.0	5353.0	0.13492	running_log
heldout	20	0.4670278348589576	1	2500.0	5353.0	0.11052	running_log
heldout	20	0.5604334018307491	1	3000.0	5353.0	0.09421	running_log
heldout	20	0.6538389688025407	1	3500.0	5353.0	0.08238	running_log
heldout	20	0.7472445357743321	1	4000.0	5353.0	0.07343	running_log
heldout	20	0.8406501027461236	1	4500.0	5353.0	0.06646	running_log
heldout	20	0.9340556697179152	1	5000.0	5353.0	0.06086	running_log
heldout	20	1.0	1			0.05748465766191147	epoch_mean
heldout	20	1.0934055669717915	2	500.0	5353.0	0.01017	running_log
heldout	20	1.186811133943583	2	1000.0	5353.0	0.01006	running_log
heldout	20	1.2802167009153744	2	1500.0	5353.0	0.00975	running_log
heldout	20	1.3736222678871661	2	2000.0	5353.0	0.00958	running_log
heldout	20	1.4670278348589576	2	2500.0	5353.0	0.00947	running_log
heldout	20	1.560433401830749	2	3000.0	5353.0	0.00942	running_log
heldout	20	1.6538389688025408	2	3500.0	5353.0	0.00934	running_log
heldout	20	1.7472445357743323	2	4000.0	5353.0	0.00924	running_log
heldout	20	1.8406501027461237	2	4500.0	5353.0	0.00911	running_log
heldout	20	1.9340556697179152	2	5000.0	5353.0	0.00901	running_log
heldout	20	2.0	2			0.008974999409043333	epoch_mean
heldout	20	2.0934055669717915	3	500.0	5353.0	0.00771	running_log
heldout	20	2.186811133943583	3	1000.0	5353.0	0.00777	running_log
heldout	20	2.2802167009153744	3	1500.0	5353.0	0.00782	running_log
heldout	20	2.373622267887166	3	2000.0	5353.0	0.00779	running_log
heldout	20	2.467027834858958	3	2500.0	5353.0	0.0077	running_log
heldout	20	2.560433401830749	3	3000.0	5353.0	0.00766	running_log
heldout	20	2.6538389688025408	3	3500.0	5353.0	0.00764	running_log
heldout	20	2.7472445357743323	3	4000.0	5353.0	0.00759	running_log
heldout	20	2.8406501027461237	3	4500.0	5353.0	0.00756	running_log
heldout	20	2.934055669717915	3	5000.0	5353.0	0.00752	running_log
heldout	20	3.0	3			0.0074832741607501	epoch_mean
heldout	20	3.0934055669717915	4	500.0	5353.0	0.00661	running_log
heldout	20	3.186811133943583	4	1000.0	5353.0	0.00651	running_log
heldout	20	3.2802167009153744	4	1500.0	5353.0	0.00656	running_log
heldout	20	3.373622267887166	4	2000.0	5353.0	0.00655	running_log
heldout	20	3.467027834858958	4	2500.0	5353.0	0.00649	running_log
heldout	20	3.560433401830749	4	3000.0	5353.0	0.00644	running_log
heldout	20	3.6538389688025408	4	3500.0	5353.0	0.00637	running_log
heldout	20	3.7472445357743323	4	4000.0	5353.0	0.00633	running_log
heldout	20	3.8406501027461237	4	4500.0	5353.0	0.00627	running_log
heldout	20	3.934055669717915	4	5000.0	5353.0	0.00623	running_log
heldout	20	4.0	4			0.006187571279352873	epoch_mean
heldout	20	4.093405566971792	5	500.0	5353.0	0.00536	running_log
heldout	20	4.186811133943583	5	1000.0	5353.0	0.0053	running_log
heldout	20	4.280216700915375	5	1500.0	5353.0	0.00526	running_log
heldout	20	4.373622267887166	5	2000.0	5353.0	0.00514	running_log
heldout	20	4.467027834858958	5	2500.0	5353.0	0.00515	running_log
heldout	20	4.560433401830749	5	3000.0	5353.0	0.00512	running_log
heldout	20	4.653838968802541	5	3500.0	5353.0	0.00512	running_log
heldout	20	4.747244535774332	5	4000.0	5353.0	0.00512	running_log
heldout	20	4.840650102746124	5	4500.0	5353.0	0.00511	running_log
heldout	20	4.934055669717916	5	5000.0	5353.0	0.00509	running_log
heldout	20	5.0	5			0.005082594769059403	epoch_mean
heldout	30	0.06306760847628658	1	500.0	7928.0	0.87111	running_log
heldout	30	0.12613521695257315	1	1000.0	7928.0	0.48273	running_log
heldout	30	0.18920282542885974	1	1500.0	7928.0	0.32957	running_log
heldout	30	0.2522704339051463	1	2000.0	7928.0	0.25191	running_log
heldout	30	0.31533804238143287	1	2500.0	7928.0	0.2046	running_log
heldout	30	0.3784056508577195	1	3000.0	7928.0	0.17289	running_log
heldout	30	0.44147325933400605	1	3500.0	7928.0	0.15001	running_log
heldout	30	0.5045408678102926	1	4000.0	7928.0	0.13269	running_log
heldout	30	0.5676084762865792	1	4500.0	7928.0	0.11921	running_log
heldout	30	0.6306760847628657	1	5000.0	7928.0	0.10837	running_log
heldout	30	0.6937436932391524	1	5500.0	7928.0	0.09947	running_log
heldout	30	0.756811301715439	1	6000.0	7928.0	0.09205	running_log
heldout	30	0.8198789101917255	1	6500.0	7928.0	0.08575	running_log
heldout	30	0.8829465186680121	1	7000.0	7928.0	0.08032	running_log
heldout	30	0.9460141271442987	1	7500.0	7928.0	0.07563	running_log
heldout	30	1.0	1			0.07206920096425759	epoch_mean
heldout	30	1.0630676084762867	2	500.0	7928.0	0.00964	running_log
heldout	30	1.1261352169525731	2	1000.0	7928.0	0.00945	running_log
heldout	30	1.1892028254288598	2	1500.0	7928.0	0.00908	running_log
heldout	30	1.2522704339051463	2	2000.0	7928.0	0.0089	running_log
heldout	30	1.315338042381433	2	2500.0	7928.0	0.00876	running_log
heldout	30	1.3784056508577196	2	3000.0	7928.0	0.00876	running_log
heldout	30	1.441473259334006	2	3500.0	7928.0	0.00876	running_log
heldout	30	1.5045408678102925	2	4000.0	7928.0	0.00874	running_log
heldout	30	1.5676084762865792	2	4500.0	7928.0	0.00866	running_log
heldout	30	1.6306760847628659	2	5000.0	7928.0	0.0087	running_log
heldout	30	1.6937436932391523	2	5500.0	7928.0	0.00866	running_log
heldout	30	1.756811301715439	2	6000.0	7928.0	0.0086	running_log
heldout	30	1.8198789101917257	2	6500.0	7928.0	0.00855	running_log
heldout	30	1.882946518668012	2	7000.0	7928.0	0.00856	running_log
heldout	30	1.9460141271442986	2	7500.0	7928.0	0.00852	running_log
heldout	30	2.0	2			0.008462991302472135	epoch_mean
heldout	30	2.0630676084762865	3	500.0	7928.0	0.00755	running_log
heldout	30	2.1261352169525733	3	1000.0	7928.0	0.00752	running_log
heldout	30	2.18920282542886	3	1500.0	7928.0	0.00731	running_log
heldout	30	2.2522704339051463	3	2000.0	7928.0	0.00735	running_log
heldout	30	2.3153380423814327	3	2500.0	7928.0	0.00733	running_log
heldout	30	2.3784056508577196	3	3000.0	7928.0	0.00729	running_log
heldout	30	2.441473259334006	3	3500.0	7928.0	0.00724	running_log
heldout	30	2.5045408678102925	3	4000.0	7928.0	0.00722	running_log
heldout	30	2.567608476286579	3	4500.0	7928.0	0.00722	running_log
heldout	30	2.630676084762866	3	5000.0	7928.0	0.00719	running_log
heldout	30	2.6937436932391523	3	5500.0	7928.0	0.00719	running_log
heldout	30	2.756811301715439	3	6000.0	7928.0	0.00715	running_log
heldout	30	2.8198789101917257	3	6500.0	7928.0	0.00709	running_log
heldout	30	2.882946518668012	3	7000.0	7928.0	0.00708	running_log
heldout	30	2.9460141271442986	3	7500.0	7928.0	0.00706	running_log
heldout	30	3.0	3			0.007033097882416114	epoch_mean
heldout	30	3.0630676084762865	4	500.0	7928.0	0.00615	running_log
heldout	30	3.1261352169525733	4	1000.0	7928.0	0.0062	running_log
heldout	30	3.18920282542886	4	1500.0	7928.0	0.00606	running_log
heldout	30	3.2522704339051463	4	2000.0	7928.0	0.00602	running_log
heldout	30	3.3153380423814327	4	2500.0	7928.0	0.00598	running_log
heldout	30	3.3784056508577196	4	3000.0	7928.0	0.00598	running_log
heldout	30	3.441473259334006	4	3500.0	7928.0	0.00598	running_log
heldout	30	3.5045408678102925	4	4000.0	7928.0	0.00598	running_log
heldout	30	3.567608476286579	4	4500.0	7928.0	0.00592	running_log
heldout	30	3.630676084762866	4	5000.0	7928.0	0.0059	running_log
heldout	30	3.6937436932391523	4	5500.0	7928.0	0.00588	running_log
heldout	30	3.756811301715439	4	6000.0	7928.0	0.00586	running_log
heldout	30	3.8198789101917257	4	6500.0	7928.0	0.00584	running_log
heldout	30	3.882946518668012	4	7000.0	7928.0	0.00584	running_log
heldout	30	3.9460141271442986	4	7500.0	7928.0	0.00581	running_log
heldout	30	4.0	4			0.00578984458849582	epoch_mean
heldout	30	4.0630676084762865	5	500.0	7928.0	0.00488	running_log
heldout	30	4.126135216952573	5	1000.0	7928.0	0.00477	running_log
heldout	30	4.189202825428859	5	1500.0	7928.0	0.00482	running_log
heldout	30	4.252270433905147	5	2000.0	7928.0	0.00481	running_log
heldout	30	4.315338042381433	5	2500.0	7928.0	0.00485	running_log
heldout	30	4.37840565085772	5	3000.0	7928.0	0.00484	running_log
heldout	30	4.441473259334006	5	3500.0	7928.0	0.00486	running_log
heldout	30	4.5045408678102925	5	4000.0	7928.0	0.00489	running_log
heldout	30	4.567608476286579	5	4500.0	7928.0	0.00485	running_log
heldout	30	4.630676084762865	5	5000.0	7928.0	0.00484	running_log
heldout	30	4.693743693239153	5	5500.0	7928.0	0.00484	running_log
heldout	30	4.756811301715439	5	6000.0	7928.0	0.00484	running_log
heldout	30	4.819878910191726	5	6500.0	7928.0	0.0048	running_log
heldout	30	4.882946518668012	5	7000.0	7928.0	0.00479	running_log
heldout	30	4.9460141271442986	5	7500.0	7928.0	0.00478	running_log
heldout	30	5.0	5			0.004766899324731244	epoch_mean
heldout	40	0.07883948281299274	1	500.0	6342.0	0.87055	running_log
heldout	40	0.1576789656259855	1	1000.0	6342.0	0.48141	running_log
heldout	40	0.23651844843897823	1	1500.0	6342.0	0.32829	running_log
heldout	40	0.315357931251971	1	2000.0	6342.0	0.25068	running_log
heldout	40	0.3941974140649637	1	2500.0	6342.0	0.2035	running_log
heldout	40	0.47303689687795647	1	3000.0	6342.0	0.17193	running_log
heldout	40	0.5518763796909493	1	3500.0	6342.0	0.14925	running_log
heldout	40	0.630715862503942	1	4000.0	6342.0	0.13213	running_log
heldout	40	0.7095553453169348	1	4500.0	6342.0	0.11869	running_log
heldout	40	0.7883948281299274	1	5000.0	6342.0	0.10793	running_log
heldout	40	0.8672343109429203	1	5500.0	6342.0	0.09899	running_log
heldout	40	0.9460737937559129	1	6000.0	6342.0	0.09159	running_log
heldout	40	1.0	1			0.08721586064835933	epoch_mean
heldout	40	1.0788394828129928	2	500.0	6342.0	0.00938	running_log
heldout	40	1.1576789656259856	2	1000.0	6342.0	0.00958	running_log
heldout	40	1.2365184484389782	2	1500.0	6342.0	0.00965	running_log
heldout	40	1.315357931251971	2	2000.0	6342.0	0.0095	running_log
heldout	40	1.3941974140649638	2	2500.0	6342.0	0.00947	running_log
heldout	40	1.4730368968779564	2	3000.0	6342.0	0.00932	running_log
heldout	40	1.5518763796909494	2	3500.0	6342.0	0.00923	running_log
heldout	40	1.630715862503942	2	4000.0	6342.0	0.00919	running_log
heldout	40	1.7095553453169348	2	4500.0	6342.0	0.00909	running_log
heldout	40	1.7883948281299276	2	5000.0	6342.0	0.00901	running_log
heldout	40	1.8672343109429201	2	5500.0	6342.0	0.00903	running_log
heldout	40	1.946073793755913	2	6000.0	6342.0	0.00903	running_log
heldout	40	2.0	2			0.008987369105059801	epoch_mean
heldout	40	2.0788394828129926	3	500.0	6342.0	0.00859	running_log
heldout	40	2.1576789656259856	3	1000.0	6342.0	0.0081	running_log
heldout	40	2.236518448438978	3	1500.0	6342.0	0.00794	running_log
heldout	40	2.315357931251971	3	2000.0	6342.0	0.00786	running_log
heldout	40	2.394197414064964	3	2500.0	6342.0	0.00781	running_log
heldout	40	2.4730368968779564	3	3000.0	6342.0	0.0077	running_log
heldout	40	2.5518763796909494	3	3500.0	6342.0	0.00768	running_log
heldout	40	2.630715862503942	3	4000.0	6342.0	0.00768	running_log
heldout	40	2.709555345316935	3	4500.0	6342.0	0.00767	running_log
heldout	40	2.7883948281299276	3	5000.0	6342.0	0.00761	running_log
heldout	40	2.86723431094292	3	5500.0	6342.0	0.00756	running_log
heldout	40	2.9460737937559127	3	6000.0	6342.0	0.00755	running_log
heldout	40	3.0	3			0.00751687670586737	epoch_mean
heldout	40	3.0788394828129926	4	500.0	6342.0	0.00657	running_log
heldout	40	3.1576789656259856	4	1000.0	6342.0	0.00663	running_log
heldout	40	3.236518448438978	4	1500.0	6342.0	0.00656	running_log
heldout	40	3.315357931251971	4	2000.0	6342.0	0.00655	running_log
heldout	40	3.394197414064964	4	2500.0	6342.0	0.00661	running_log
heldout	40	3.4730368968779564	4	3000.0	6342.0	0.00658	running_log
heldout	40	3.5518763796909494	4	3500.0	6342.0	0.0066	running_log
heldout	40	3.630715862503942	4	4000.0	6342.0	0.00658	running_log
heldout	40	3.709555345316935	4	4500.0	6342.0	0.00655	running_log
heldout	40	3.7883948281299276	4	5000.0	6342.0	0.00654	running_log
heldout	40	3.86723431094292	4	5500.0	6342.0	0.00655	running_log
heldout	40	3.9460737937559127	4	6000.0	6342.0	0.00653	running_log
heldout	40	4.0	4			0.006497904435586157	epoch_mean
heldout	40	4.078839482812993	5	500.0	6342.0	0.00569	running_log
heldout	40	4.157678965625985	5	1000.0	6342.0	0.00569	running_log
heldout	40	4.236518448438979	5	1500.0	6342.0	0.00576	running_log
heldout	40	4.315357931251971	5	2000.0	6342.0	0.0059	running_log
heldout	40	4.394197414064964	5	2500.0	6342.0	0.0059	running_log
heldout	40	4.473036896877956	5	3000.0	6342.0	0.00582	running_log
heldout	40	4.551876379690949	5	3500.0	6342.0	0.00584	running_log
heldout	40	4.630715862503942	5	4000.0	6342.0	0.00581	running_log
heldout	40	4.709555345316935	5	4500.0	6342.0	0.00583	running_log
heldout	40	4.788394828129928	5	5000.0	6342.0	0.00582	running_log
heldout	40	4.86723431094292	5	5500.0	6342.0	0.00582	running_log
heldout	40	4.946073793755913	5	6000.0	6342.0	0.00583	running_log
heldout	40	5.0	5			0.005815624959395665	epoch_mean
chrxtrain	5	0.05249895002099958	1	500.0	9524.0	0.26125	running_log
chrxtrain	5	0.10499790004199916	1	1000.0	9524.0	0.14231	running_log
chrxtrain	5	0.15749685006299874	1	1500.0	9524.0	0.10135	running_log
chrxtrain	5	0.20999580008399832	1	2000.0	9524.0	0.08051	running_log
chrxtrain	5	0.2624947501049979	1	2500.0	9524.0	0.06772	running_log
chrxtrain	5	0.3149937001259975	1	3000.0	9524.0	0.05896	running_log
chrxtrain	5	0.36749265014699706	1	3500.0	9524.0	0.05267	running_log
chrxtrain	5	0.41999160016799664	1	4000.0	9524.0	0.04802	running_log
chrxtrain	5	0.4724905501889962	1	4500.0	9524.0	0.04428	running_log
chrxtrain	5	0.5249895002099958	1	5000.0	9524.0	0.04127	running_log
chrxtrain	5	0.5774884502309954	1	5500.0	9524.0	0.0388	running_log
chrxtrain	5	0.629987400251995	1	6000.0	9524.0	0.03675	running_log
chrxtrain	5	0.6824863502729945	1	6500.0	9524.0	0.035	running_log
chrxtrain	5	0.7349853002939941	1	7000.0	9524.0	0.03347	running_log
chrxtrain	5	0.7874842503149937	1	7500.0	9524.0	0.03211	running_log
chrxtrain	5	0.8399832003359933	1	8000.0	9524.0	0.03093	running_log
chrxtrain	5	0.8924821503569929	1	8500.0	9524.0	0.02989	running_log
chrxtrain	5	0.9449811003779924	1	9000.0	9524.0	0.02893	running_log
chrxtrain	5	0.997480050398992	1	9500.0	9524.0	0.02809	running_log
chrxtrain	5	1.0	1			0.02804900105512105	epoch_mean
chrxtrain	5	1.0524989500209996	2	500.0	9524.0	0.0118	running_log
chrxtrain	5	1.1049979000419992	2	1000.0	9524.0	0.01221	running_log
chrxtrain	5	1.1574968500629987	2	1500.0	9524.0	0.01215	running_log
chrxtrain	5	1.2099958000839983	2	2000.0	9524.0	0.01207	running_log
chrxtrain	5	1.262494750104998	2	2500.0	9524.0	0.01207	running_log
chrxtrain	5	1.3149937001259975	2	3000.0	9524.0	0.01197	running_log
chrxtrain	5	1.367492650146997	2	3500.0	9524.0	0.01194	running_log
chrxtrain	5	1.4199916001679966	2	4000.0	9524.0	0.01192	running_log
chrxtrain	5	1.4724905501889962	2	4500.0	9524.0	0.01183	running_log
chrxtrain	5	1.5249895002099958	2	5000.0	9524.0	0.01183	running_log
chrxtrain	5	1.5774884502309954	2	5500.0	9524.0	0.01181	running_log
chrxtrain	5	1.629987400251995	2	6000.0	9524.0	0.01173	running_log
chrxtrain	5	1.6824863502729945	2	6500.0	9524.0	0.01171	running_log
chrxtrain	5	1.7349853002939941	2	7000.0	9524.0	0.01172	running_log
chrxtrain	5	1.7874842503149937	2	7500.0	9524.0	0.01169	running_log
chrxtrain	5	1.8399832003359933	2	8000.0	9524.0	0.01165	running_log
chrxtrain	5	1.8924821503569929	2	8500.0	9524.0	0.01164	running_log
chrxtrain	5	1.9449811003779924	2	9000.0	9524.0	0.0116	running_log
chrxtrain	5	1.997480050398992	2	9500.0	9524.0	0.01157	running_log
chrxtrain	5	2.0	2			0.011574392280776134	epoch_mean
chrxtrain	5	2.0524989500209996	3	500.0	9524.0	0.01058	running_log
chrxtrain	5	2.104997900041999	3	1000.0	9524.0	0.01051	running_log
chrxtrain	5	2.1574968500629987	3	1500.0	9524.0	0.01048	running_log
chrxtrain	5	2.2099958000839983	3	2000.0	9524.0	0.01034	running_log
chrxtrain	5	2.262494750104998	3	2500.0	9524.0	0.01037	running_log
chrxtrain	5	2.3149937001259975	3	3000.0	9524.0	0.01027	running_log
chrxtrain	5	2.367492650146997	3	3500.0	9524.0	0.01025	running_log
chrxtrain	5	2.4199916001679966	3	4000.0	9524.0	0.01018	running_log
chrxtrain	5	2.472490550188996	3	4500.0	9524.0	0.01017	running_log
chrxtrain	5	2.524989500209996	3	5000.0	9524.0	0.01012	running_log
chrxtrain	5	2.5774884502309954	3	5500.0	9524.0	0.01009	running_log
chrxtrain	5	2.629987400251995	3	6000.0	9524.0	0.0101	running_log
chrxtrain	5	2.6824863502729945	3	6500.0	9524.0	0.01004	running_log
chrxtrain	5	2.734985300293994	3	7000.0	9524.0	0.01004	running_log
chrxtrain	5	2.7874842503149937	3	7500.0	9524.0	0.01004	running_log
chrxtrain	5	2.8399832003359933	3	8000.0	9524.0	0.00999	running_log
chrxtrain	5	2.892482150356993	3	8500.0	9524.0	0.00998	running_log
chrxtrain	5	2.9449811003779924	3	9000.0	9524.0	0.00996	running_log
chrxtrain	5	2.997480050398992	3	9500.0	9524.0	0.00993	running_log
chrxtrain	5	3.0	3			0.0099290947893112	epoch_mean
chrxtrain	5	3.0524989500209996	4	500.0	9524.0	0.00884	running_log
chrxtrain	5	3.104997900041999	4	1000.0	9524.0	0.00871	running_log
chrxtrain	5	3.1574968500629987	4	1500.0	9524.0	0.00875	running_log
chrxtrain	5	3.2099958000839983	4	2000.0	9524.0	0.00877	running_log
chrxtrain	5	3.262494750104998	4	2500.0	9524.0	0.00876	running_log
chrxtrain	5	3.3149937001259975	4	3000.0	9524.0	0.00864	running_log
chrxtrain	5	3.367492650146997	4	3500.0	9524.0	0.00862	running_log
chrxtrain	5	3.4199916001679966	4	4000.0	9524.0	0.00862	running_log
chrxtrain	5	3.472490550188996	4	4500.0	9524.0	0.00861	running_log
chrxtrain	5	3.524989500209996	4	5000.0	9524.0	0.00856	running_log
chrxtrain	5	3.5774884502309954	4	5500.0	9524.0	0.00852	running_log
chrxtrain	5	3.629987400251995	4	6000.0	9524.0	0.00848	running_log
chrxtrain	5	3.6824863502729945	4	6500.0	9524.0	0.00847	running_log
chrxtrain	5	3.734985300293994	4	7000.0	9524.0	0.00844	running_log
chrxtrain	5	3.7874842503149937	4	7500.0	9524.0	0.0084	running_log
chrxtrain	5	3.8399832003359933	4	8000.0	9524.0	0.00834	running_log
chrxtrain	5	3.892482150356993	4	8500.0	9524.0	0.0083	running_log
chrxtrain	5	3.9449811003779924	4	9000.0	9524.0	0.00829	running_log
chrxtrain	5	3.997480050398992	4	9500.0	9524.0	0.00824	running_log
chrxtrain	5	4.0	4			0.008242325773799927	epoch_mean
chrxtrain	5	4.052498950021	5	500.0	9524.0	0.00712	running_log
chrxtrain	5	4.104997900041999	5	1000.0	9524.0	0.00683	running_log
chrxtrain	5	4.157496850062999	5	1500.0	9524.0	0.00711	running_log
chrxtrain	5	4.209995800083998	5	2000.0	9524.0	0.00697	running_log
chrxtrain	5	4.262494750104998	5	2500.0	9524.0	0.007	running_log
chrxtrain	5	4.3149937001259975	5	3000.0	9524.0	0.00697	running_log
chrxtrain	5	4.367492650146997	5	3500.0	9524.0	0.00693	running_log
chrxtrain	5	4.419991600167997	5	4000.0	9524.0	0.00693	running_log
chrxtrain	5	4.472490550188996	5	4500.0	9524.0	0.00693	running_log
chrxtrain	5	4.524989500209996	5	5000.0	9524.0	0.00692	running_log
chrxtrain	5	4.577488450230995	5	5500.0	9524.0	0.00692	running_log
chrxtrain	5	4.629987400251995	5	6000.0	9524.0	0.0069	running_log
chrxtrain	5	4.6824863502729945	5	6500.0	9524.0	0.0069	running_log
chrxtrain	5	4.734985300293994	5	7000.0	9524.0	0.00686	running_log
chrxtrain	5	4.787484250314994	5	7500.0	9524.0	0.00684	running_log
chrxtrain	5	4.839983200335993	5	8000.0	9524.0	0.00683	running_log
chrxtrain	5	4.892482150356993	5	8500.0	9524.0	0.00684	running_log
chrxtrain	5	4.944981100377992	5	9000.0	9524.0	0.00681	running_log
chrxtrain	5	4.997480050398992	5	9500.0	9524.0	0.00682	running_log
chrxtrain	5	5.0	5			0.006819687767050024	epoch_mean
chrxtrain	10	0.08823010411152285	1	500.0	5667.0	0.25752	running_log
chrxtrain	10	0.1764602082230457	1	1000.0	5667.0	0.13842	running_log
chrxtrain	10	0.2646903123345686	1	1500.0	5667.0	0.09732	running_log
chrxtrain	10	0.3529204164460914	1	2000.0	5667.0	0.07637	running_log
chrxtrain	10	0.4411505205576143	1	2500.0	5667.0	0.06366	running_log
chrxtrain	10	0.5293806246691372	1	3000.0	5667.0	0.05507	running_log
chrxtrain	10	0.6176107287806599	1	3500.0	5667.0	0.04891	running_log
chrxtrain	10	0.7058408328921828	1	4000.0	5667.0	0.04427	running_log
chrxtrain	10	0.7940709370037057	1	4500.0	5667.0	0.04059	running_log
chrxtrain	10	0.8823010411152286	1	5000.0	5667.0	0.03761	running_log
chrxtrain	10	0.9705311452267513	1	5500.0	5667.0	0.03511	running_log
chrxtrain	10	1.0	1			0.03436489165304632	epoch_mean
chrxtrain	10	1.0882301041115228	2	500.0	5667.0	0.01048	running_log
chrxtrain	10	1.1764602082230458	2	1000.0	5667.0	0.01014	running_log
chrxtrain	10	1.2646903123345685	2	1500.0	5667.0	0.01021	running_log
chrxtrain	10	1.3529204164460915	2	2000.0	5667.0	0.01014	running_log
chrxtrain	10	1.4411505205576143	2	2500.0	5667.0	0.01	running_log
chrxtrain	10	1.529380624669137	2	3000.0	5667.0	0.00992	running_log
chrxtrain	10	1.6176107287806598	2	3500.0	5667.0	0.00987	running_log
chrxtrain	10	1.7058408328921828	2	4000.0	5667.0	0.00977	running_log
chrxtrain	10	1.7940709370037058	2	4500.0	5667.0	0.00967	running_log
chrxtrain	10	1.8823010411152286	2	5000.0	5667.0	0.00957	running_log
chrxtrain	10	1.9705311452267513	2	5500.0	5667.0	0.00952	running_log
chrxtrain	10	2.0	2			0.009501462903476416	epoch_mean
chrxtrain	10	2.0882301041115228	3	500.0	5667.0	0.00807	running_log
chrxtrain	10	2.1764602082230455	3	1000.0	5667.0	0.00801	running_log
chrxtrain	10	2.2646903123345687	3	1500.0	5667.0	0.0081	running_log
chrxtrain	10	2.3529204164460915	3	2000.0	5667.0	0.00815	running_log
chrxtrain	10	2.4411505205576143	3	2500.0	5667.0	0.00813	running_log
chrxtrain	10	2.529380624669137	3	3000.0	5667.0	0.00812	running_log
chrxtrain	10	2.61761072878066	3	3500.0	5667.0	0.00812	running_log
chrxtrain	10	2.705840832892183	3	4000.0	5667.0	0.00806	running_log
chrxtrain	10	2.794070937003706	3	4500.0	5667.0	0.00802	running_log
chrxtrain	10	2.8823010411152286	3	5000.0	5667.0	0.00797	running_log
chrxtrain	10	2.9705311452267513	3	5500.0	5667.0	0.00794	running_log
chrxtrain	10	3.0	3			0.007923385855907865	epoch_mean
chrxtrain	10	3.0882301041115228	4	500.0	5667.0	0.00661	running_log
chrxtrain	10	3.1764602082230455	4	1000.0	5667.0	0.00656	running_log
chrxtrain	10	3.2646903123345687	4	1500.0	5667.0	0.00651	running_log
chrxtrain	10	3.3529204164460915	4	2000.0	5667.0	0.00653	running_log
chrxtrain	10	3.4411505205576143	4	2500.0	5667.0	0.00652	running_log
chrxtrain	10	3.529380624669137	4	3000.0	5667.0	0.00643	running_log
chrxtrain	10	3.61761072878066	4	3500.0	5667.0	0.00639	running_log
chrxtrain	10	3.705840832892183	4	4000.0	5667.0	0.00639	running_log
chrxtrain	10	3.794070937003706	4	4500.0	5667.0	0.00637	running_log
chrxtrain	10	3.8823010411152286	4	5000.0	5667.0	0.00633	running_log
chrxtrain	10	3.9705311452267513	4	5500.0	5667.0	0.00627	running_log
chrxtrain	10	4.0	4			0.0062460487887712425	epoch_mean
chrxtrain	10	4.088230104111523	5	500.0	5667.0	0.00507	running_log
chrxtrain	10	4.1764602082230455	5	1000.0	5667.0	0.00501	running_log
chrxtrain	10	4.264690312334569	5	1500.0	5667.0	0.00501	running_log
chrxtrain	10	4.352920416446091	5	2000.0	5667.0	0.00502	running_log
chrxtrain	10	4.441150520557614	5	2500.0	5667.0	0.00495	running_log
chrxtrain	10	4.5293806246691375	5	3000.0	5667.0	0.00489	running_log
chrxtrain	10	4.61761072878066	5	3500.0	5667.0	0.00485	running_log
chrxtrain	10	4.705840832892183	5	4000.0	5667.0	0.00484	running_log
chrxtrain	10	4.794070937003705	5	4500.0	5667.0	0.00482	running_log
chrxtrain	10	4.882301041115229	5	5000.0	5667.0	0.00481	running_log
chrxtrain	10	4.970531145226751	5	5500.0	5667.0	0.00479	running_log
chrxtrain	10	5.0	5			0.004786366038409087	epoch_mean
chrxtrain	20	0.07309941520467836	1	500.0	6840.0	0.48369	running_log
chrxtrain	20	0.14619883040935672	1	1000.0	6840.0	0.25342	running_log
chrxtrain	20	0.21929824561403508	1	1500.0	6840.0	0.17415	running_log
chrxtrain	20	0.29239766081871343	1	2000.0	6840.0	0.13409	running_log
chrxtrain	20	0.3654970760233918	1	2500.0	6840.0	0.10975	running_log
chrxtrain	20	0.43859649122807015	1	3000.0	6840.0	0.09342	running_log
chrxtrain	20	0.5116959064327485	1	3500.0	6840.0	0.08167	running_log
chrxtrain	20	0.5847953216374269	1	4000.0	6840.0	0.07283	running_log
chrxtrain	20	0.6578947368421053	1	4500.0	6840.0	0.06589	running_log
chrxtrain	20	0.7309941520467836	1	5000.0	6840.0	0.06031	running_log
chrxtrain	20	0.804093567251462	1	5500.0	6840.0	0.05575	running_log
chrxtrain	20	0.8771929824561403	1	6000.0	6840.0	0.05195	running_log
chrxtrain	20	0.9502923976608187	1	6500.0	6840.0	0.04866	running_log
chrxtrain	20	1.0	1			0.0466772810243724	epoch_mean
chrxtrain	20	1.0730994152046784	2	500.0	6840.0	0.00939	running_log
chrxtrain	20	1.1461988304093567	2	1000.0	6840.0	0.00916	running_log
chrxtrain	20	1.219298245614035	2	1500.0	6840.0	0.00903	running_log
chrxtrain	20	1.2923976608187133	2	2000.0	6840.0	0.00887	running_log
chrxtrain	20	1.3654970760233918	2	2500.0	6840.0	0.0088	running_log
chrxtrain	20	1.4385964912280702	2	3000.0	6840.0	0.00875	running_log
chrxtrain	20	1.5116959064327484	2	3500.0	6840.0	0.00867	running_log
chrxtrain	20	1.5847953216374269	2	4000.0	6840.0	0.00865	running_log
chrxtrain	20	1.6578947368421053	2	4500.0	6840.0	0.00857	running_log
chrxtrain	20	1.7309941520467835	2	5000.0	6840.0	0.00851	running_log
chrxtrain	20	1.804093567251462	2	5500.0	6840.0	0.00848	running_log
chrxtrain	20	1.8771929824561404	2	6000.0	6840.0	0.0084	running_log
chrxtrain	20	1.9502923976608186	2	6500.0	6840.0	0.00836	running_log
chrxtrain	20	2.0	2			0.008323139488993282	epoch_mean
chrxtrain	20	2.073099415204678	3	500.0	6840.0	0.00711	running_log
chrxtrain	20	2.146198830409357	3	1000.0	6840.0	0.00732	running_log
chrxtrain	20	2.219298245614035	3	1500.0	6840.0	0.00722	running_log
chrxtrain	20	2.2923976608187133	3	2000.0	6840.0	0.00723	running_log
chrxtrain	20	2.365497076023392	3	2500.0	6840.0	0.00722	running_log
chrxtrain	20	2.43859649122807	3	3000.0	6840.0	0.00723	running_log
chrxtrain	20	2.5116959064327484	3	3500.0	6840.0	0.00723	running_log
chrxtrain	20	2.5847953216374266	3	4000.0	6840.0	0.0072	running_log
chrxtrain	20	2.6578947368421053	3	4500.0	6840.0	0.00713	running_log
chrxtrain	20	2.7309941520467835	3	5000.0	6840.0	0.00709	running_log
chrxtrain	20	2.8040935672514617	3	5500.0	6840.0	0.00705	running_log
chrxtrain	20	2.8771929824561404	3	6000.0	6840.0	0.007	running_log
chrxtrain	20	2.9502923976608186	3	6500.0	6840.0	0.00697	running_log
chrxtrain	20	3.0	3			0.006959625595269319	epoch_mean
chrxtrain	20	3.073099415204678	4	500.0	6840.0	0.00598	running_log
chrxtrain	20	3.146198830409357	4	1000.0	6840.0	0.00595	running_log
chrxtrain	20	3.219298245614035	4	1500.0	6840.0	0.0059	running_log
chrxtrain	20	3.2923976608187133	4	2000.0	6840.0	0.00583	running_log
chrxtrain	20	3.365497076023392	4	2500.0	6840.0	0.00584	running_log
chrxtrain	20	3.43859649122807	4	3000.0	6840.0	0.00584	running_log
chrxtrain	20	3.5116959064327484	4	3500.0	6840.0	0.0058	running_log
chrxtrain	20	3.5847953216374266	4	4000.0	6840.0	0.00582	running_log
chrxtrain	20	3.6578947368421053	4	4500.0	6840.0	0.0058	running_log
chrxtrain	20	3.7309941520467835	4	5000.0	6840.0	0.00577	running_log
chrxtrain	20	3.8040935672514617	4	5500.0	6840.0	0.00574	running_log
chrxtrain	20	3.8771929824561404	4	6000.0	6840.0	0.00573	running_log
chrxtrain	20	3.9502923976608186	4	6500.0	6840.0	0.00571	running_log
chrxtrain	20	4.0	4			0.00567891268212582	epoch_mean
chrxtrain	20	4.073099415204679	5	500.0	6840.0	0.00468	running_log
chrxtrain	20	4.146198830409356	5	1000.0	6840.0	0.00462	running_log
chrxtrain	20	4.219298245614035	5	1500.0	6840.0	0.00474	running_log
chrxtrain	20	4.292397660818714	5	2000.0	6840.0	0.00472	running_log
chrxtrain	20	4.3654970760233915	5	2500.0	6840.0	0.00473	running_log
chrxtrain	20	4.43859649122807	5	3000.0	6840.0	0.00474	running_log
chrxtrain	20	4.511695906432749	5	3500.0	6840.0	0.00469	running_log
chrxtrain	20	4.584795321637427	5	4000.0	6840.0	0.00468	running_log
chrxtrain	20	4.657894736842105	5	4500.0	6840.0	0.00464	running_log
chrxtrain	20	4.730994152046784	5	5000.0	6840.0	0.00464	running_log
chrxtrain	20	4.804093567251462	5	5500.0	6840.0	0.00464	running_log
chrxtrain	20	4.87719298245614	5	6000.0	6840.0	0.0046	running_log
chrxtrain	20	4.950292397660819	5	6500.0	6840.0	0.00461	running_log
chrxtrain	20	5.0	5			0.004575454176498776	epoch_mean
chrxtrain	30	0.04932912391475927	1	500.0	10136.0	0.87196	running_log
chrxtrain	30	0.09865824782951854	1	1000.0	10136.0	0.48283	running_log
chrxtrain	30	0.1479873717442778	1	1500.0	10136.0	0.3303	running_log
chrxtrain	30	0.19731649565903708	1	2000.0	10136.0	0.25222	running_log
chrxtrain	30	0.24664561957379638	1	2500.0	10136.0	0.20475	running_log
chrxtrain	30	0.2959747434885556	1	3000.0	10136.0	0.173	running_log
chrxtrain	30	0.3453038674033149	1	3500.0	10136.0	0.15003	running_log
chrxtrain	30	0.39463299131807417	1	4000.0	10136.0	0.13282	running_log
chrxtrain	30	0.44396211523283347	1	4500.0	10136.0	0.1194	running_log
chrxtrain	30	0.49329123914759276	1	5000.0	10136.0	0.10858	running_log
chrxtrain	30	0.5426203630623521	1	5500.0	10136.0	0.09958	running_log
chrxtrain	30	0.5919494869771112	1	6000.0	10136.0	0.09219	running_log
chrxtrain	30	0.6412786108918705	1	6500.0	10136.0	0.08583	running_log
chrxtrain	30	0.6906077348066298	1	7000.0	10136.0	0.08043	running_log
chrxtrain	30	0.7399368587213891	1	7500.0	10136.0	0.07572	running_log
chrxtrain	30	0.7892659826361483	1	8000.0	10136.0	0.07158	running_log
chrxtrain	30	0.8385951065509076	1	8500.0	10136.0	0.06787	running_log
chrxtrain	30	0.8879242304656669	1	9000.0	10136.0	0.0646	running_log
chrxtrain	30	0.9372533543804262	1	9500.0	10136.0	0.06164	running_log
chrxtrain	30	0.9865824782951855	1	10000.0	10136.0	0.05902	running_log
chrxtrain	30	1.0	1			0.05835516488317752	epoch_mean
chrxtrain	30	1.0493291239147593	2	500.0	10136.0	0.00839	running_log
chrxtrain	30	1.0986582478295186	2	1000.0	10136.0	0.00829	running_log
chrxtrain	30	1.147987371744278	2	1500.0	10136.0	0.00831	running_log
chrxtrain	30	1.1973164956590372	2	2000.0	10136.0	0.0084	running_log
chrxtrain	30	1.2466456195737963	2	2500.0	10136.0	0.00839	running_log
chrxtrain	30	1.2959747434885556	2	3000.0	10136.0	0.00835	running_log
chrxtrain	30	1.3453038674033149	2	3500.0	10136.0	0.0082	running_log
chrxtrain	30	1.3946329913180742	2	4000.0	10136.0	0.0081	running_log
chrxtrain	30	1.4439621152328335	2	4500.0	10136.0	0.00806	running_log
chrxtrain	30	1.4932912391475928	2	5000.0	10136.0	0.00807	running_log
chrxtrain	30	1.542620363062352	2	5500.0	10136.0	0.00808	running_log
chrxtrain	30	1.5919494869771111	2	6000.0	10136.0	0.00802	running_log
chrxtrain	30	1.6412786108918707	2	6500.0	10136.0	0.008	running_log
chrxtrain	30	1.6906077348066297	2	7000.0	10136.0	0.00796	running_log
chrxtrain	30	1.7399368587213893	2	7500.0	10136.0	0.00794	running_log
chrxtrain	30	1.7892659826361483	2	8000.0	10136.0	0.00788	running_log
chrxtrain	30	1.8385951065509076	2	8500.0	10136.0	0.00787	running_log
chrxtrain	30	1.887924230465667	2	9000.0	10136.0	0.00784	running_log
chrxtrain	30	1.9372533543804262	2	9500.0	10136.0	0.00782	running_log
chrxtrain	30	1.9865824782951855	2	10000.0	10136.0	0.00779	running_log
chrxtrain	30	2.0	2			0.007792059989380265	epoch_mean
chrxtrain	30	2.049329123914759	3	500.0	10136.0	0.00684	running_log
chrxtrain	30	2.0986582478295186	3	1000.0	10136.0	0.00681	running_log
chrxtrain	30	2.1479873717442777	3	1500.0	10136.0	0.00664	running_log
chrxtrain	30	2.197316495659037	3	2000.0	10136.0	0.00667	running_log
chrxtrain	30	2.2466456195737963	3	2500.0	10136.0	0.00665	running_log
chrxtrain	30	2.295974743488556	3	3000.0	10136.0	0.00664	running_log
chrxtrain	30	2.345303867403315	3	3500.0	10136.0	0.0067	running_log
chrxtrain	30	2.3946329913180744	3	4000.0	10136.0	0.00671	running_log
chrxtrain	30	2.4439621152328335	3	4500.0	10136.0	0.00664	running_log
chrxtrain	30	2.4932912391475925	3	5000.0	10136.0	0.00666	running_log
chrxtrain	30	2.542620363062352	3	5500.0	10136.0	0.00664	running_log
chrxtrain	30	2.591949486977111	3	6000.0	10136.0	0.00662	running_log
chrxtrain	30	2.6412786108918707	3	6500.0	10136.0	0.0066	running_log
chrxtrain	30	2.6906077348066297	3	7000.0	10136.0	0.00657	running_log
chrxtrain	30	2.7399368587213893	3	7500.0	10136.0	0.00658	running_log
chrxtrain	30	2.7892659826361483	3	8000.0	10136.0	0.00657	running_log
chrxtrain	30	2.8385951065509074	3	8500.0	10136.0	0.00654	running_log
chrxtrain	30	2.887924230465667	3	9000.0	10136.0	0.00652	running_log
chrxtrain	30	2.9372533543804265	3	9500.0	10136.0	0.00652	running_log
chrxtrain	30	2.9865824782951855	3	10000.0	10136.0	0.00652	running_log
chrxtrain	30	3.0	3			0.006529210199027034	epoch_mean
chrxtrain	30	3.049329123914759	4	500.0	10136.0	0.00562	running_log
chrxtrain	30	3.0986582478295186	4	1000.0	10136.0	0.00558	running_log
chrxtrain	30	3.1479873717442777	4	1500.0	10136.0	0.0057	running_log
chrxtrain	30	3.197316495659037	4	2000.0	10136.0	0.00566	running_log
chrxtrain	30	3.2466456195737963	4	2500.0	10136.0	0.00572	running_log
chrxtrain	30	3.295974743488556	4	3000.0	10136.0	0.0056	running_log
chrxtrain	30	3.345303867403315	4	3500.0	10136.0	0.00555	running_log
chrxtrain	30	3.3946329913180744	4	4000.0	10136.0	0.00552	running_log
chrxtrain	30	3.4439621152328335	4	4500.0	10136.0	0.00556	running_log
chrxtrain	30	3.4932912391475925	4	5000.0	10136.0	0.00555	running_log
chrxtrain	30	3.542620363062352	4	5500.0	10136.0	0.00554	running_log
chrxtrain	30	3.591949486977111	4	6000.0	10136.0	0.0055	running_log
chrxtrain	30	3.6412786108918707	4	6500.0	10136.0	0.00549	running_log
chrxtrain	30	3.6906077348066297	4	7000.0	10136.0	0.00548	running_log
chrxtrain	30	3.7399368587213893	4	7500.0	10136.0	0.00546	running_log
chrxtrain	30	3.7892659826361483	4	8000.0	10136.0	0.00541	running_log
chrxtrain	30	3.8385951065509074	4	8500.0	10136.0	0.00541	running_log
chrxtrain	30	3.887924230465667	4	9000.0	10136.0	0.00539	running_log
chrxtrain	30	3.9372533543804265	4	9500.0	10136.0	0.00538	running_log
chrxtrain	30	3.9865824782951855	4	10000.0	10136.0	0.00537	running_log
chrxtrain	30	4.0	4			0.005367802813446804	epoch_mean
chrxtrain	30	4.0493291239147595	5	500.0	10136.0	0.0044	running_log
chrxtrain	30	4.098658247829518	5	1000.0	10136.0	0.00435	running_log
chrxtrain	30	4.147987371744278	5	1500.0	10136.0	0.00435	running_log
chrxtrain	30	4.197316495659037	5	2000.0	10136.0	0.00438	running_log
chrxtrain	30	4.246645619573797	5	2500.0	10136.0	0.00441	running_log
chrxtrain	30	4.295974743488555	5	3000.0	10136.0	0.00443	running_log
chrxtrain	30	4.345303867403315	5	3500.0	10136.0	0.00444	running_log
chrxtrain	30	4.394632991318074	5	4000.0	10136.0	0.00446	running_log
chrxtrain	30	4.443962115232834	5	4500.0	10136.0	0.00445	running_log
chrxtrain	30	4.4932912391475925	5	5000.0	10136.0	0.00445	running_log
chrxtrain	30	4.542620363062352	5	5500.0	10136.0	0.00442	running_log
chrxtrain	30	4.591949486977112	5	6000.0	10136.0	0.00442	running_log
chrxtrain	30	4.64127861089187	5	6500.0	10136.0	0.0044	running_log
chrxtrain	30	4.69060773480663	5	7000.0	10136.0	0.00442	running_log
chrxtrain	30	4.739936858721389	5	7500.0	10136.0	0.00439	running_log
chrxtrain	30	4.789265982636149	5	8000.0	10136.0	0.0044	running_log
chrxtrain	30	4.838595106550907	5	8500.0	10136.0	0.00438	running_log
chrxtrain	30	4.887924230465667	5	9000.0	10136.0	0.0044	running_log
chrxtrain	30	4.9372533543804265	5	9500.0	10136.0	0.0044	running_log
chrxtrain	30	4.986582478295185	5	10000.0	10136.0	0.00441	running_log
chrxtrain	30	5.0	5			0.00440554965397474	epoch_mean
chrxtrain	40	0.06144015728680265	1	500.0	8138.0	0.87115	running_log
chrxtrain	40	0.1228803145736053	1	1000.0	8138.0	0.48205	running_log
chrxtrain	40	0.18432047186040795	1	1500.0	8138.0	0.32845	running_log
chrxtrain	40	0.2457606291472106	1	2000.0	8138.0	0.25029	running_log
chrxtrain	40	0.3072007864340133	1	2500.0	8138.0	0.20281	running_log
chrxtrain	40	0.3686409437208159	1	3000.0	8138.0	0.17106	running_log
chrxtrain	40	0.4300811010076186	1	3500.0	8138.0	0.14832	running_log
chrxtrain	40	0.4915212582944212	1	4000.0	8138.0	0.13111	running_log
chrxtrain	40	0.5529614155812239	1	4500.0	8138.0	0.11773	running_log
chrxtrain	40	0.6144015728680265	1	5000.0	8138.0	0.107	running_log
chrxtrain	40	0.6758417301548292	1	5500.0	8138.0	0.09815	running_log
chrxtrain	40	0.7372818874416318	1	6000.0	8138.0	0.09074	running_log
chrxtrain	40	0.7987220447284346	1	6500.0	8138.0	0.08451	running_log
chrxtrain	40	0.8601622020152372	1	7000.0	8138.0	0.07913	running_log
chrxtrain	40	0.9216023593020398	1	7500.0	8138.0	0.07446	running_log
chrxtrain	40	0.9830425165888425	1	8000.0	8138.0	0.07035	running_log
chrxtrain	40	1.0	1			0.06930812379417504	epoch_mean
chrxtrain	40	1.0614401572868026	2	500.0	8138.0	0.0083	running_log
chrxtrain	40	1.1228803145736053	2	1000.0	8138.0	0.00843	running_log
chrxtrain	40	1.184320471860408	2	1500.0	8138.0	0.0084	running_log
chrxtrain	40	1.2457606291472105	2	2000.0	8138.0	0.00823	running_log
chrxtrain	40	1.3072007864340134	2	2500.0	8138.0	0.00812	running_log
chrxtrain	40	1.3686409437208158	2	3000.0	8138.0	0.00805	running_log
chrxtrain	40	1.4300811010076186	2	3500.0	8138.0	0.00791	running_log
chrxtrain	40	1.4915212582944213	2	4000.0	8138.0	0.00787	running_log
chrxtrain	40	1.552961415581224	2	4500.0	8138.0	0.0078	running_log
chrxtrain	40	1.6144015728680265	2	5000.0	8138.0	0.00776	running_log
chrxtrain	40	1.6758417301548292	2	5500.0	8138.0	0.00771	running_log
chrxtrain	40	1.7372818874416318	2	6000.0	8138.0	0.00769	running_log
chrxtrain	40	1.7987220447284344	2	6500.0	8138.0	0.00763	running_log
chrxtrain	40	1.8601622020152373	2	7000.0	8138.0	0.0076	running_log
chrxtrain	40	1.9216023593020397	2	7500.0	8138.0	0.00754	running_log
chrxtrain	40	1.9830425165888426	2	8000.0	8138.0	0.00752	running_log
chrxtrain	40	2.0	2			0.007510626288629119	epoch_mean
chrxtrain	40	2.061440157286803	3	500.0	8138.0	0.00665	running_log
chrxtrain	40	2.1228803145736053	3	1000.0	8138.0	0.00665	running_log
chrxtrain	40	2.184320471860408	3	1500.0	8138.0	0.00661	running_log
chrxtrain	40	2.2457606291472105	3	2000.0	8138.0	0.00658	running_log
chrxtrain	40	2.3072007864340134	3	2500.0	8138.0	0.00652	running_log
chrxtrain	40	2.368640943720816	3	3000.0	8138.0	0.00648	running_log
chrxtrain	40	2.4300811010076186	3	3500.0	8138.0	0.00644	running_log
chrxtrain	40	2.491521258294421	3	4000.0	8138.0	0.00648	running_log
chrxtrain	40	2.552961415581224	3	4500.0	8138.0	0.00647	running_log
chrxtrain	40	2.6144015728680268	3	5000.0	8138.0	0.00643	running_log
chrxtrain	40	2.675841730154829	3	5500.0	8138.0	0.00637	running_log
chrxtrain	40	2.7372818874416316	3	6000.0	8138.0	0.00633	running_log
chrxtrain	40	2.7987220447284344	3	6500.0	8138.0	0.00633	running_log
chrxtrain	40	2.8601622020152373	3	7000.0	8138.0	0.00629	running_log
chrxtrain	40	2.9216023593020397	3	7500.0	8138.0	0.00626	running_log
chrxtrain	40	2.9830425165888426	3	8000.0	8138.0	0.00625	running_log
chrxtrain	40	3.0	3			0.006248783921224709	epoch_mean
chrxtrain	40	3.061440157286803	4	500.0	8138.0	0.00551	running_log
chrxtrain	40	3.1228803145736053	4	1000.0	8138.0	0.0055	running_log
chrxtrain	40	3.184320471860408	4	1500.0	8138.0	0.00541	running_log
chrxtrain	40	3.2457606291472105	4	2000.0	8138.0	0.00538	running_log
chrxtrain	40	3.3072007864340134	4	2500.0	8138.0	0.00538	running_log
chrxtrain	40	3.368640943720816	4	3000.0	8138.0	0.00534	running_log
chrxtrain	40	3.4300811010076186	4	3500.0	8138.0	0.00531	running_log
chrxtrain	40	3.491521258294421	4	4000.0	8138.0	0.00528	running_log
chrxtrain	40	3.552961415581224	4	4500.0	8138.0	0.00529	running_log
chrxtrain	40	3.6144015728680268	4	5000.0	8138.0	0.00525	running_log
chrxtrain	40	3.675841730154829	4	5500.0	8138.0	0.00527	running_log
chrxtrain	40	3.7372818874416316	4	6000.0	8138.0	0.00525	running_log
chrxtrain	40	3.7987220447284344	4	6500.0	8138.0	0.00524	running_log
chrxtrain	40	3.8601622020152373	4	7000.0	8138.0	0.00522	running_log
chrxtrain	40	3.9216023593020397	4	7500.0	8138.0	0.00521	running_log
chrxtrain	40	3.9830425165888426	4	8000.0	8138.0	0.00521	running_log
chrxtrain	40	4.0	4			0.005207824769219275	epoch_mean
chrxtrain	40	4.061440157286802	5	500.0	8138.0	0.0044	running_log
chrxtrain	40	4.122880314573606	5	1000.0	8138.0	0.00448	running_log
chrxtrain	40	4.184320471860408	5	1500.0	8138.0	0.0045	running_log
chrxtrain	40	4.2457606291472105	5	2000.0	8138.0	0.0045	running_log
chrxtrain	40	4.307200786434013	5	2500.0	8138.0	0.00445	running_log
chrxtrain	40	4.368640943720816	5	3000.0	8138.0	0.00441	running_log
chrxtrain	40	4.430081101007619	5	3500.0	8138.0	0.00443	running_log
chrxtrain	40	4.491521258294421	5	4000.0	8138.0	0.0044	running_log
chrxtrain	40	4.552961415581224	5	4500.0	8138.0	0.00437	running_log
chrxtrain	40	4.614401572868027	5	5000.0	8138.0	0.00438	running_log
chrxtrain	40	4.675841730154829	5	5500.0	8138.0	0.00438	running_log
chrxtrain	40	4.737281887441632	5	6000.0	8138.0	0.00435	running_log
chrxtrain	40	4.798722044728435	5	6500.0	8138.0	0.00435	running_log
chrxtrain	40	4.860162202015237	5	7000.0	8138.0	0.00435	running_log
chrxtrain	40	4.92160235930204	5	7500.0	8138.0	0.00434	running_log
chrxtrain	40	4.983042516588842	5	8000.0	8138.0	0.00434	running_log
chrxtrain	40	5.0	5			0.004343636700031018	epoch_mean
