method	sn	pr	f1	predicted_loci	matched_loci	missed_loci	novel_loci	window_kb	configuration	frame_auxiliary	cds_weight
EviAnn+UniAnn	88.900000000	91.400000000	90.132667800	1007	951	46	15	5	5 kb	False
UniAnn	69.900000000	78.500000000	73.950808600	953	748	96	9	5	5 kb	False
EviAnn+UniAnn	88.800000000	91.200000000	89.984000000	1026	950	45	20	10	10 kb	False
UniAnn	72.400000000	78.600000000	75.372715200	986	775	87	15	10	10 kb	False
EviAnn+UniAnn	91.600000000	89.500000000	90.537824400	1080	980	20	35	10	10 kb + frame/phase	True	0.000000000
UniAnn	77.100000000	77.200000000	77.149967600	1068	825	41	28	10	10 kb + frame/phase	True	0.000000000
EviAnn+UniAnn	91.800000000	88.300000000	90.015991100	1095	982	23	51	10	10 kb + CDS 0.03	True	0.030000000
UniAnn	79.000000000	77.100000000	78.038436900	1096	845	37	47	10	10 kb + CDS 0.03	True	0.030000000
EviAnn+UniAnn	90.900000000	89.600000000	90.245318600	1069	973	26	35	10	10 kb + CDS 0.05	True	0.050000000
UniAnn	77.400000000	77.200000000	77.299870600	1073	828	43	32	10	10 kb + CDS 0.05	True	0.050000000
EviAnn+UniAnn	91.400000000	87.800000000	89.563839300	1101	978	17	50	10	10 kb + CDS 0.10	True	0.100000000
UniAnn	77.200000000	75.100000000	76.135522000	1100	826	40	46	10	10 kb + CDS 0.10	True	0.100000000
EviAnn+UniAnn	87.300000000	91.500000000	89.350671100	982	934	62	14	20	20 kb	False
UniAnn	64.300000000	75.700000000	69.535857100	909	688	130	6	20	20 kb	False
EviAnn+UniAnn	87.900000000	91.200000000	89.519598000	1011	941	58	17	30	30 kb	False
UniAnn	71.900000000	79.300000000	75.418915300	970	769	98	11	30	30 kb	False
EviAnn+UniAnn	86.400000000	91.400000000	88.829696300	984	924	72	14	40	40 kb	False
UniAnn	65.100000000	75.800000000	70.043718900	919	697	134	7	40	40 kb	False
EviAnn+UniAnn	89.200000000	91.200000000	90.188913500	1023	954	40	15	80	80 kb	False
UniAnn	71.700000000	77.600000000	74.533422600	989	767	76	9	80	80 kb	False
