cds_weight	regime	best_epoch	split	component	raw_loss	weight	weighted_loss	fraction
0.03	heldout	14	train	splice	0.00351592061	0.25	0.000878980152	0.113580751
0.03	heldout	14	train	start_stop	0.00417980063	1	0.00417980063	0.540108774
0.03	heldout	14	train	phase	0.0120382695	0.1	0.00120382695	0.15555706
0.03	heldout	14	train	cds	0.0492068316	0.03	0.00147620495	0.190753415
0.03	heldout	14	validation	splice	0.0032093944	0.25	0.000802348601	0.0908590637
0.03	heldout	14	validation	start_stop	0.00449241565	1	0.00449241565	0.508727352
0.03	heldout	14	validation	phase	0.0245417728	0.1	0.00245417728	0.277914425
0.03	heldout	14	validation	cds	0.0360584203	0.03	0.00108175261	0.122499159
0.03	chrxtrain	8	train	splice	0.00302574242	0.25	0.000756435605	0.109518905
0.03	chrxtrain	8	train	start_stop	0.00378520438	1	0.00378520438	0.548032689
0.03	chrxtrain	8	train	phase	0.0107484027	0.1	0.00107484027	0.155618441
0.03	chrxtrain	8	train	cds	0.0430138336	0.03	0.00129041501	0.186829966
0.03	chrxtrain	8	validation	splice	0.00291940241	0.25	0.000729850603	0.0847281855
0.03	chrxtrain	8	validation	start_stop	0.00424835275	1	0.00424835275	0.493190275
0.03	chrxtrain	8	validation	phase	0.0257066677	0.1	0.00257066677	0.298428102
0.03	chrxtrain	8	validation	cds	0.0355051217	0.03	0.00106515365	0.123653438
0.05	heldout	11	train	splice	0.00363028593	0.25	0.000907571484	0.0988350413
0.05	heldout	11	train	start_stop	0.00437275836	1	0.00437275836	0.476195827
0.05	heldout	11	train	phase	0.0152078418	0.1	0.00152078418	0.165614246
0.05	heldout	11	train	cds	0.047631507	0.05	0.00238157535	0.259354885
0.05	heldout	11	validation	splice	0.0031344306	0.25	0.00078360765	0.08390461
0.05	heldout	11	validation	start_stop	0.00445065142	1	0.00445065142	0.476552483
0.05	heldout	11	validation	phase	0.0232649446	0.1	0.00232649446	0.249108863
0.05	heldout	11	validation	cds	0.0355702919	0.05	0.0017785146	0.190434044
0.05	chrxtrain	8	train	splice	0.00304293736	0.25	0.000760734339	0.1001014
0.05	chrxtrain	8	train	start_stop	0.00375028002	1	0.00375028002	0.493481444
0.05	chrxtrain	8	train	phase	0.0105081717	0.1	0.00105081717	0.138272015
0.05	chrxtrain	8	train	cds	0.0407561167	0.05	0.00203780583	0.268145141
0.05	chrxtrain	8	validation	splice	0.00287026713	0.25	0.000717566782	0.0801186019
0.05	chrxtrain	8	validation	start_stop	0.00422437299	1	0.00422437299	0.471664613
0.05	chrxtrain	8	validation	phase	0.0237505594	0.1	0.00237505594	0.265182511
0.05	chrxtrain	8	validation	cds	0.0327862225	0.05	0.00163931112	0.183034274
0.1	heldout	14	train	splice	0.00314118935	0.25	0.000785297339	0.0830187325
0.1	heldout	14	train	start_stop	0.00378517448	1	0.00378517448	0.400154658
0.1	heldout	14	train	phase	0.011467352	0.1	0.0011467352	0.121228608
0.1	heldout	14	train	cds	0.037420718	0.1	0.0037420718	0.395598002
0.1	heldout	14	validation	splice	0.00309158708	0.25	0.00077289677	0.0681938046
0.1	heldout	14	validation	start_stop	0.00452556138	1	0.00452556138	0.399296853
0.1	heldout	14	validation	phase	0.025876221	0.1	0.0025876221	0.228309656
0.1	heldout	14	validation	cds	0.0344774655	0.1	0.00344774655	0.304199686
0.1	chrxtrain	12	train	splice	0.0033185918	0.25	0.000829647951	0.0765826393
0.1	chrxtrain	12	train	start_stop	0.00415275448	1	0.00415275448	0.38332994
0.1	chrxtrain	12	train	phase	0.0156574428	0.1	0.00156574428	0.144529773
0.1	chrxtrain	12	train	cds	0.0428522176	0.1	0.00428522176	0.395557648
0.1	chrxtrain	12	validation	splice	0.00302240493	0.25	0.000755601233	0.0659447766
0.1	chrxtrain	12	validation	start_stop	0.00439907029	1	0.00439907029	0.383926991
0.1	chrxtrain	12	validation	phase	0.0270372125	0.1	0.00270372125	0.235966124
0.1	chrxtrain	12	validation	cds	0.0359969794	0.1	0.00359969794	0.314162108
