task	candidates	reference_sites	matched_positives	AUPRC	model	cds_weight	regime
donor	1236362	3403	3403	0.955915129	phase only	0.000000000	heldout
acceptor	1245749	3438	3438	0.952745576	phase only	0.000000000	heldout
start	411520	1281	1281	0.850984495	phase only	0.000000000	heldout
stop	1060569	1265	1265	0.882286936	phase only	0.000000000	heldout
donor	1236362	3403	3403	0.963164535	phase only	0.000000000	chrxtrain
acceptor	1245749	3438	3438	0.957508819	phase only	0.000000000	chrxtrain
start	411520	1281	1281	0.881101731	phase only	0.000000000	chrxtrain
stop	1060569	1265	1265	0.907998279	phase only	0.000000000	chrxtrain
donor	1236362	3403	3403	0.956949450	CDS=0.03	0.030000000	heldout
acceptor	1245749	3438	3438	0.951844069	CDS=0.03	0.030000000	heldout
start	411520	1281	1281	0.860838707	CDS=0.03	0.030000000	heldout
stop	1060569	1265	1265	0.885793288	CDS=0.03	0.030000000	heldout
donor	1236362	3403	3403	0.966936978	CDS=0.03	0.030000000	chrxtrain
acceptor	1245749	3438	3438	0.962927723	CDS=0.03	0.030000000	chrxtrain
start	411520	1281	1281	0.892166782	CDS=0.03	0.030000000	chrxtrain
stop	1060569	1265	1265	0.902838144	CDS=0.03	0.030000000	chrxtrain
donor	1236362	3403	3403	0.954166855	CDS=0.05	0.050000000	heldout
acceptor	1245749	3438	3438	0.951174289	CDS=0.05	0.050000000	heldout
start	411520	1281	1281	0.853980211	CDS=0.05	0.050000000	heldout
stop	1060569	1265	1265	0.883266639	CDS=0.05	0.050000000	heldout
donor	1236362	3403	3403	0.964294776	CDS=0.05	0.050000000	chrxtrain
acceptor	1245749	3438	3438	0.962742906	CDS=0.05	0.050000000	chrxtrain
start	411520	1281	1281	0.885609621	CDS=0.05	0.050000000	chrxtrain
stop	1060569	1265	1265	0.908117616	CDS=0.05	0.050000000	chrxtrain
donor	1236362	3403	3403	0.958578849	CDS=0.10	0.100000000	heldout
acceptor	1245749	3438	3438	0.955750008	CDS=0.10	0.100000000	heldout
start	411520	1281	1281	0.864165394	CDS=0.10	0.100000000	heldout
stop	1060569	1265	1265	0.881493008	CDS=0.10	0.100000000	heldout
donor	1236362	3403	3403	0.961871722	CDS=0.10	0.100000000	chrxtrain
acceptor	1245749	3438	3438	0.954216792	CDS=0.10	0.100000000	chrxtrain
start	411520	1281	1281	0.871672422	CDS=0.10	0.100000000	chrxtrain
stop	1060569	1265	1265	0.900707925	CDS=0.10	0.100000000	chrxtrain
