cds_weight	regime	epoch	component	raw	weight	weighted	backward_scaled	probe_file
0.03	heldout	1	splice	20.8601627	0.25	5.21504068	2.60752034	/home/bowencccc/cnn_mamba_k7_portable/data/processed/cds_gating/w10_frame/train/2L_minus_10000.npz
0.03	heldout	1	start_stop	20.5417061	1	20.5417061	10.270853	/home/bowencccc/cnn_mamba_k7_portable/data/processed/cds_gating/w10_frame/train/2L_minus_10000.npz
0.03	heldout	1	phase	19.5947227	0.1	1.95947227	0.979736137	/home/bowencccc/cnn_mamba_k7_portable/data/processed/cds_gating/w10_frame/train/2L_minus_10000.npz
0.03	heldout	1	cds	35.222065	0.03	1.05666195	0.528330975	/home/bowencccc/cnn_mamba_k7_portable/data/processed/cds_gating/w10_frame/train/2L_minus_10000.npz
0.03	heldout	2	splice	0.701618612	0.25	0.175404653	0.0877023265	/home/bowencccc/cnn_mamba_k7_portable/data/processed/cds_gating/w10_frame/train/2L_minus_10000.npz
0.03	heldout	2	start_stop	0.486080498	1	0.486080498	0.243040249	/home/bowencccc/cnn_mamba_k7_portable/data/processed/cds_gating/w10_frame/train/2L_minus_10000.npz
0.03	heldout	2	phase	6.27162504	0.1	0.627162504	0.313581252	/home/bowencccc/cnn_mamba_k7_portable/data/processed/cds_gating/w10_frame/train/2L_minus_10000.npz
0.03	heldout	2	cds	26.9651814	0.03	0.808955441	0.40447772	/home/bowencccc/cnn_mamba_k7_portable/data/processed/cds_gating/w10_frame/train/2L_minus_10000.npz
0.03	heldout	3	splice	0.448051244	0.25	0.112012811	0.0560064055	/home/bowencccc/cnn_mamba_k7_portable/data/processed/cds_gating/w10_frame/train/2L_minus_10000.npz
0.03	heldout	3	start_stop	0.32834056	1	0.32834056	0.16417028	/home/bowencccc/cnn_mamba_k7_portable/data/processed/cds_gating/w10_frame/train/2L_minus_10000.npz
0.03	heldout	3	phase	7.45304823	0.1	0.745304823	0.372652411	/home/bowencccc/cnn_mamba_k7_portable/data/processed/cds_gating/w10_frame/train/2L_minus_10000.npz
0.03	heldout	3	cds	17.9564152	0.03	0.538692455	0.269346228	/home/bowencccc/cnn_mamba_k7_portable/data/processed/cds_gating/w10_frame/train/2L_minus_10000.npz
0.03	heldout	4	splice	0.229963452	0.25	0.0574908629	0.0287454315	/home/bowencccc/cnn_mamba_k7_portable/data/processed/cds_gating/w10_frame/train/2L_minus_10000.npz
0.03	heldout	4	start_stop	0.115550518	1	0.115550518	0.057775259	/home/bowencccc/cnn_mamba_k7_portable/data/processed/cds_gating/w10_frame/train/2L_minus_10000.npz
0.03	heldout	4	phase	6.38678932	0.1	0.638678932	0.319339466	/home/bowencccc/cnn_mamba_k7_portable/data/processed/cds_gating/w10_frame/train/2L_minus_10000.npz
0.03	heldout	4	cds	2.82324862	0.03	0.0846974587	0.0423487294	/home/bowencccc/cnn_mamba_k7_portable/data/processed/cds_gating/w10_frame/train/2L_minus_10000.npz
0.03	heldout	5	splice	0.177371204	0.25	0.044342801	0.0221714005	/home/bowencccc/cnn_mamba_k7_portable/data/processed/cds_gating/w10_frame/train/2L_minus_10000.npz
0.03	heldout	5	start_stop	0.118406855	1	0.118406855	0.0592034273	/home/bowencccc/cnn_mamba_k7_portable/data/processed/cds_gating/w10_frame/train/2L_minus_10000.npz
0.03	heldout	5	phase	3.08813882	0.1	0.308813882	0.154406941	/home/bowencccc/cnn_mamba_k7_portable/data/processed/cds_gating/w10_frame/train/2L_minus_10000.npz
0.03	heldout	5	cds	2.90705919	0.03	0.0872117758	0.0436058879	/home/bowencccc/cnn_mamba_k7_portable/data/processed/cds_gating/w10_frame/train/2L_minus_10000.npz
0.03	heldout	6	splice	0.240487844	0.25	0.0601219609	0.0300609805	/home/bowencccc/cnn_mamba_k7_portable/data/processed/cds_gating/w10_frame/train/2L_minus_10000.npz
0.03	heldout	6	start_stop	0.184065491	1	0.184065491	0.0920327455	/home/bowencccc/cnn_mamba_k7_portable/data/processed/cds_gating/w10_frame/train/2L_minus_10000.npz
0.03	heldout	6	phase	5.23199558	0.1	0.523199558	0.261599779	/home/bowencccc/cnn_mamba_k7_portable/data/processed/cds_gating/w10_frame/train/2L_minus_10000.npz
0.03	heldout	6	cds	6.99988747	0.03	0.209996624	0.104998312	/home/bowencccc/cnn_mamba_k7_portable/data/processed/cds_gating/w10_frame/train/2L_minus_10000.npz
0.03	heldout	7	splice	0.327487618	0.25	0.0818719044	0.0409359522	/home/bowencccc/cnn_mamba_k7_portable/data/processed/cds_gating/w10_frame/train/2L_minus_10000.npz
0.03	heldout	7	start_stop	0.856186688	1	0.856186688	0.428093344	/home/bowencccc/cnn_mamba_k7_portable/data/processed/cds_gating/w10_frame/train/2L_minus_10000.npz
0.03	heldout	7	phase	3.63709712	0.1	0.363709712	0.181854856	/home/bowencccc/cnn_mamba_k7_portable/data/processed/cds_gating/w10_frame/train/2L_minus_10000.npz
0.03	heldout	7	cds	9.7028656	0.03	0.291085968	0.145542984	/home/bowencccc/cnn_mamba_k7_portable/data/processed/cds_gating/w10_frame/train/2L_minus_10000.npz
0.03	heldout	8	splice	0.115447648	0.25	0.028861912	0.014430956	/home/bowencccc/cnn_mamba_k7_portable/data/processed/cds_gating/w10_frame/train/2L_minus_10000.npz
0.03	heldout	8	start_stop	0.134766027	1	0.134766027	0.0673830137	/home/bowencccc/cnn_mamba_k7_portable/data/processed/cds_gating/w10_frame/train/2L_minus_10000.npz
0.03	heldout	8	phase	4.88733101	0.1	0.488733101	0.24436655	/home/bowencccc/cnn_mamba_k7_portable/data/processed/cds_gating/w10_frame/train/2L_minus_10000.npz
0.03	heldout	8	cds	2.91076183	0.03	0.087322855	0.0436614275	/home/bowencccc/cnn_mamba_k7_portable/data/processed/cds_gating/w10_frame/train/2L_minus_10000.npz
0.03	heldout	9	splice	0.16311647	0.25	0.0407791175	0.0203895587	/home/bowencccc/cnn_mamba_k7_portable/data/processed/cds_gating/w10_frame/train/2L_minus_10000.npz
0.03	heldout	9	start_stop	1.45774865	1	1.45774865	0.728874326	/home/bowencccc/cnn_mamba_k7_portable/data/processed/cds_gating/w10_frame/train/2L_minus_10000.npz
0.03	heldout	9	phase	9.01656055	0.1	0.901656055	0.450828028	/home/bowencccc/cnn_mamba_k7_portable/data/processed/cds_gating/w10_frame/train/2L_minus_10000.npz
0.03	heldout	9	cds	8.40164852	0.03	0.252049456	0.126024728	/home/bowencccc/cnn_mamba_k7_portable/data/processed/cds_gating/w10_frame/train/2L_minus_10000.npz
0.03	heldout	10	splice	0.116885372	0.25	0.0292213429	0.0146106714	/home/bowencccc/cnn_mamba_k7_portable/data/processed/cds_gating/w10_frame/train/2L_minus_10000.npz
0.03	heldout	10	start_stop	0.142310813	1	0.142310813	0.0711554065	/home/bowencccc/cnn_mamba_k7_portable/data/processed/cds_gating/w10_frame/train/2L_minus_10000.npz
0.03	heldout	10	phase	0.523521662	0.1	0.0523521662	0.0261760831	/home/bowencccc/cnn_mamba_k7_portable/data/processed/cds_gating/w10_frame/train/2L_minus_10000.npz
0.03	heldout	10	cds	1.63000047	0.03	0.0489000142	0.0244500071	/home/bowencccc/cnn_mamba_k7_portable/data/processed/cds_gating/w10_frame/train/2L_minus_10000.npz
0.03	heldout	11	splice	0.0625649169	0.25	0.0156412292	0.00782061461	/home/bowencccc/cnn_mamba_k7_portable/data/processed/cds_gating/w10_frame/train/2L_minus_10000.npz
0.03	heldout	11	start_stop	0.0810812712	1	0.0810812712	0.0405406356	/home/bowencccc/cnn_mamba_k7_portable/data/processed/cds_gating/w10_frame/train/2L_minus_10000.npz
0.03	heldout	11	phase	0.274526447	0.1	0.0274526447	0.0137263224	/home/bowencccc/cnn_mamba_k7_portable/data/processed/cds_gating/w10_frame/train/2L_minus_10000.npz
0.03	heldout	11	cds	1.20202446	0.03	0.0360607338	0.0180303669	/home/bowencccc/cnn_mamba_k7_portable/data/processed/cds_gating/w10_frame/train/2L_minus_10000.npz
0.03	heldout	12	splice	0.106167555	0.25	0.0265418887	0.0132709444	/home/bowencccc/cnn_mamba_k7_portable/data/processed/cds_gating/w10_frame/train/2L_minus_10000.npz
0.03	heldout	12	start_stop	0.165089995	1	0.165089995	0.0825449973	/home/bowencccc/cnn_mamba_k7_portable/data/processed/cds_gating/w10_frame/train/2L_minus_10000.npz
0.03	heldout	12	phase	3.86887383	0.1	0.386887383	0.193443692	/home/bowencccc/cnn_mamba_k7_portable/data/processed/cds_gating/w10_frame/train/2L_minus_10000.npz
0.03	heldout	12	cds	0.853393972	0.03	0.0256018192	0.0128009096	/home/bowencccc/cnn_mamba_k7_portable/data/processed/cds_gating/w10_frame/train/2L_minus_10000.npz
0.03	heldout	13	splice	0.0775373206	0.25	0.0193843301	0.00969216507	/home/bowencccc/cnn_mamba_k7_portable/data/processed/cds_gating/w10_frame/train/2L_minus_10000.npz
0.03	heldout	13	start_stop	0.105596967	1	0.105596967	0.0527984835	/home/bowencccc/cnn_mamba_k7_portable/data/processed/cds_gating/w10_frame/train/2L_minus_10000.npz
0.03	heldout	13	phase	0.466419637	0.1	0.0466419637	0.0233209819	/home/bowencccc/cnn_mamba_k7_portable/data/processed/cds_gating/w10_frame/train/2L_minus_10000.npz
0.03	heldout	13	cds	0.924493074	0.03	0.0277347922	0.0138673961	/home/bowencccc/cnn_mamba_k7_portable/data/processed/cds_gating/w10_frame/train/2L_minus_10000.npz
0.03	heldout	14	splice	0.148816407	0.25	0.0372041017	0.0186020508	/home/bowencccc/cnn_mamba_k7_portable/data/processed/cds_gating/w10_frame/train/2L_minus_10000.npz
0.03	heldout	14	start_stop	0.111674629	1	0.111674629	0.0558373146	/home/bowencccc/cnn_mamba_k7_portable/data/processed/cds_gating/w10_frame/train/2L_minus_10000.npz
0.03	heldout	14	phase	17.8342991	0.1	1.78342991	0.891714954	/home/bowencccc/cnn_mamba_k7_portable/data/processed/cds_gating/w10_frame/train/2L_minus_10000.npz
0.03	heldout	14	cds	1.04208541	0.03	0.0312625623	0.0156312811	/home/bowencccc/cnn_mamba_k7_portable/data/processed/cds_gating/w10_frame/train/2L_minus_10000.npz
0.03	heldout	15	splice	0.0763630494	0.25	0.0190907624	0.00954538118	/home/bowencccc/cnn_mamba_k7_portable/data/processed/cds_gating/w10_frame/train/2L_minus_10000.npz
0.03	heldout	15	start_stop	0.0669842213	1	0.0669842213	0.0334921107	/home/bowencccc/cnn_mamba_k7_portable/data/processed/cds_gating/w10_frame/train/2L_minus_10000.npz
0.03	heldout	15	phase	0.727097988	0.1	0.0727097988	0.0363548994	/home/bowencccc/cnn_mamba_k7_portable/data/processed/cds_gating/w10_frame/train/2L_minus_10000.npz
0.03	heldout	15	cds	0.919023514	0.03	0.0275707054	0.0137853527	/home/bowencccc/cnn_mamba_k7_portable/data/processed/cds_gating/w10_frame/train/2L_minus_10000.npz
0.03	heldout	16	splice	0.0668906942	0.25	0.0167226736	0.00836133678	/home/bowencccc/cnn_mamba_k7_portable/data/processed/cds_gating/w10_frame/train/2L_minus_10000.npz
0.03	heldout	16	start_stop	0.333934695	1	0.333934695	0.166967347	/home/bowencccc/cnn_mamba_k7_portable/data/processed/cds_gating/w10_frame/train/2L_minus_10000.npz
0.03	heldout	16	phase	0.776784778	0.1	0.0776784778	0.0388392389	/home/bowencccc/cnn_mamba_k7_portable/data/processed/cds_gating/w10_frame/train/2L_minus_10000.npz
0.03	heldout	16	cds	0.569892108	0.03	0.0170967633	0.00854838163	/home/bowencccc/cnn_mamba_k7_portable/data/processed/cds_gating/w10_frame/train/2L_minus_10000.npz
0.03	heldout	17	splice	0.16786696	0.25	0.04196674	0.02098337	/home/bowencccc/cnn_mamba_k7_portable/data/processed/cds_gating/w10_frame/train/2L_minus_10000.npz
0.03	heldout	17	start_stop	0.445636898	1	0.445636898	0.222818449	/home/bowencccc/cnn_mamba_k7_portable/data/processed/cds_gating/w10_frame/train/2L_minus_10000.npz
0.03	heldout	17	phase	0.957697332	0.1	0.0957697332	0.0478848666	/home/bowencccc/cnn_mamba_k7_portable/data/processed/cds_gating/w10_frame/train/2L_minus_10000.npz
0.03	heldout	17	cds	1.46079123	0.03	0.0438237369	0.0219118685	/home/bowencccc/cnn_mamba_k7_portable/data/processed/cds_gating/w10_frame/train/2L_minus_10000.npz
0.03	chrxtrain	1	splice	20.8601627	0.25	5.21504068	2.60752034	/home/bowencccc/cnn_mamba_k7_portable/data/processed/cds_gating/w10_frame/train/2L_minus_10000.npz
0.03	chrxtrain	1	start_stop	20.5417061	1	20.5417061	10.270853	/home/bowencccc/cnn_mamba_k7_portable/data/processed/cds_gating/w10_frame/train/2L_minus_10000.npz
0.03	chrxtrain	1	phase	19.5947227	0.1	1.95947227	0.979736137	/home/bowencccc/cnn_mamba_k7_portable/data/processed/cds_gating/w10_frame/train/2L_minus_10000.npz
0.03	chrxtrain	1	cds	35.222065	0.03	1.05666195	0.528330975	/home/bowencccc/cnn_mamba_k7_portable/data/processed/cds_gating/w10_frame/train/2L_minus_10000.npz
0.03	chrxtrain	2	splice	0.364132553	0.25	0.0910331383	0.0455165692	/home/bowencccc/cnn_mamba_k7_portable/data/processed/cds_gating/w10_frame/train/2L_minus_10000.npz
0.03	chrxtrain	2	start_stop	0.289122552	1	0.289122552	0.144561276	/home/bowencccc/cnn_mamba_k7_portable/data/processed/cds_gating/w10_frame/train/2L_minus_10000.npz
0.03	chrxtrain	2	phase	4.94927549	0.1	0.494927549	0.247463775	/home/bowencccc/cnn_mamba_k7_portable/data/processed/cds_gating/w10_frame/train/2L_minus_10000.npz
0.03	chrxtrain	2	cds	18.0918388	0.03	0.542755165	0.271377583	/home/bowencccc/cnn_mamba_k7_portable/data/processed/cds_gating/w10_frame/train/2L_minus_10000.npz
0.03	chrxtrain	3	splice	0.297564775	0.25	0.0743911937	0.0371955968	/home/bowencccc/cnn_mamba_k7_portable/data/processed/cds_gating/w10_frame/train/2L_minus_10000.npz
0.03	chrxtrain	3	start_stop	0.0804242715	1	0.0804242715	0.0402121358	/home/bowencccc/cnn_mamba_k7_portable/data/processed/cds_gating/w10_frame/train/2L_minus_10000.npz
0.03	chrxtrain	3	phase	2.07047534	0.1	0.207047534	0.103523767	/home/bowencccc/cnn_mamba_k7_portable/data/processed/cds_gating/w10_frame/train/2L_minus_10000.npz
0.03	chrxtrain	3	cds	6.73944759	0.03	0.202183428	0.101091714	/home/bowencccc/cnn_mamba_k7_portable/data/processed/cds_gating/w10_frame/train/2L_minus_10000.npz
0.03	chrxtrain	4	splice	0.164624512	0.25	0.041156128	0.020578064	/home/bowencccc/cnn_mamba_k7_portable/data/processed/cds_gating/w10_frame/train/2L_minus_10000.npz
0.03	chrxtrain	4	start_stop	0.115480311	1	0.115480311	0.0577401556	/home/bowencccc/cnn_mamba_k7_portable/data/processed/cds_gating/w10_frame/train/2L_minus_10000.npz
0.03	chrxtrain	4	phase	3.13056302	0.1	0.313056302	0.156528151	/home/bowencccc/cnn_mamba_k7_portable/data/processed/cds_gating/w10_frame/train/2L_minus_10000.npz
0.03	chrxtrain	4	cds	1.21384394	0.03	0.0364153183	0.0182076591	/home/bowencccc/cnn_mamba_k7_portable/data/processed/cds_gating/w10_frame/train/2L_minus_10000.npz
0.03	chrxtrain	5	splice	0.127066731	0.25	0.0317666829	0.0158833414	/home/bowencccc/cnn_mamba_k7_portable/data/processed/cds_gating/w10_frame/train/2L_minus_10000.npz
0.03	chrxtrain	5	start_stop	0.129365519	1	0.129365519	0.0646827593	/home/bowencccc/cnn_mamba_k7_portable/data/processed/cds_gating/w10_frame/train/2L_minus_10000.npz
0.03	chrxtrain	5	phase	1.50662589	0.1	0.150662589	0.0753312945	/home/bowencccc/cnn_mamba_k7_portable/data/processed/cds_gating/w10_frame/train/2L_minus_10000.npz
0.03	chrxtrain	5	cds	1.44868398	0.03	0.0434605193	0.0217302597	/home/bowencccc/cnn_mamba_k7_portable/data/processed/cds_gating/w10_frame/train/2L_minus_10000.npz
0.03	chrxtrain	6	splice	0.0844153091	0.25	0.0211038273	0.0105519136	/home/bowencccc/cnn_mamba_k7_portable/data/processed/cds_gating/w10_frame/train/2L_minus_10000.npz
0.03	chrxtrain	6	start_stop	0.0658772737	1	0.0658772737	0.0329386368	/home/bowencccc/cnn_mamba_k7_portable/data/processed/cds_gating/w10_frame/train/2L_minus_10000.npz
0.03	chrxtrain	6	phase	1.48763084	0.1	0.148763084	0.0743815422	/home/bowencccc/cnn_mamba_k7_portable/data/processed/cds_gating/w10_frame/train/2L_minus_10000.npz
0.03	chrxtrain	6	cds	0.900134325	0.03	0.0270040298	0.0135020149	/home/bowencccc/cnn_mamba_k7_portable/data/processed/cds_gating/w10_frame/train/2L_minus_10000.npz
0.03	chrxtrain	7	splice	0.0888449103	0.25	0.0222112276	0.0111056138	/home/bowencccc/cnn_mamba_k7_portable/data/processed/cds_gating/w10_frame/train/2L_minus_10000.npz
0.03	chrxtrain	7	start_stop	0.128604561	1	0.128604561	0.0643022805	/home/bowencccc/cnn_mamba_k7_portable/data/processed/cds_gating/w10_frame/train/2L_minus_10000.npz
0.03	chrxtrain	7	phase	1.30784249	0.1	0.130784249	0.0653921247	/home/bowencccc/cnn_mamba_k7_portable/data/processed/cds_gating/w10_frame/train/2L_minus_10000.npz
0.03	chrxtrain	7	cds	0.918477356	0.03	0.0275543207	0.0137771603	/home/bowencccc/cnn_mamba_k7_portable/data/processed/cds_gating/w10_frame/train/2L_minus_10000.npz
0.03	chrxtrain	8	splice	0.0592215694	0.25	0.0148053924	0.00740269618	/home/bowencccc/cnn_mamba_k7_portable/data/processed/cds_gating/w10_frame/train/2L_minus_10000.npz
0.03	chrxtrain	8	start_stop	0.0531827919	1	0.0531827919	0.026591396	/home/bowencccc/cnn_mamba_k7_portable/data/processed/cds_gating/w10_frame/train/2L_minus_10000.npz
0.03	chrxtrain	8	phase	1.69220197	0.1	0.169220197	0.0846100986	/home/bowencccc/cnn_mamba_k7_portable/data/processed/cds_gating/w10_frame/train/2L_minus_10000.npz
0.03	chrxtrain	8	cds	0.773924768	0.03	0.023217743	0.0116088715	/home/bowencccc/cnn_mamba_k7_portable/data/processed/cds_gating/w10_frame/train/2L_minus_10000.npz
0.03	chrxtrain	9	splice	0.0400131047	0.25	0.0100032762	0.00500163808	/home/bowencccc/cnn_mamba_k7_portable/data/processed/cds_gating/w10_frame/train/2L_minus_10000.npz
0.03	chrxtrain	9	start_stop	0.0553472713	1	0.0553472713	0.0276736356	/home/bowencccc/cnn_mamba_k7_portable/data/processed/cds_gating/w10_frame/train/2L_minus_10000.npz
0.03	chrxtrain	9	phase	0.0334494747	0.1	0.00334494747	0.00167247374	/home/bowencccc/cnn_mamba_k7_portable/data/processed/cds_gating/w10_frame/train/2L_minus_10000.npz
0.03	chrxtrain	9	cds	0.363236159	0.03	0.0108970848	0.00544854239	/home/bowencccc/cnn_mamba_k7_portable/data/processed/cds_gating/w10_frame/train/2L_minus_10000.npz
0.03	chrxtrain	10	splice	0.089475736	0.25	0.022368934	0.011184467	/home/bowencccc/cnn_mamba_k7_portable/data/processed/cds_gating/w10_frame/train/2L_minus_10000.npz
0.03	chrxtrain	10	start_stop	0.0673692524	1	0.0673692524	0.0336846262	/home/bowencccc/cnn_mamba_k7_portable/data/processed/cds_gating/w10_frame/train/2L_minus_10000.npz
0.03	chrxtrain	10	phase	21.8616028	0.1	2.18616028	1.09308014	/home/bowencccc/cnn_mamba_k7_portable/data/processed/cds_gating/w10_frame/train/2L_minus_10000.npz
0.03	chrxtrain	10	cds	0.985398114	0.03	0.0295619434	0.0147809717	/home/bowencccc/cnn_mamba_k7_portable/data/processed/cds_gating/w10_frame/train/2L_minus_10000.npz
0.03	chrxtrain	11	splice	0.0809709653	0.25	0.0202427413	0.0101213707	/home/bowencccc/cnn_mamba_k7_portable/data/processed/cds_gating/w10_frame/train/2L_minus_10000.npz
0.03	chrxtrain	11	start_stop	0.0535161421	1	0.0535161421	0.026758071	/home/bowencccc/cnn_mamba_k7_portable/data/processed/cds_gating/w10_frame/train/2L_minus_10000.npz
0.03	chrxtrain	11	phase	0.426342875	0.1	0.0426342875	0.0213171437	/home/bowencccc/cnn_mamba_k7_portable/data/processed/cds_gating/w10_frame/train/2L_minus_10000.npz
0.03	chrxtrain	11	cds	0.293009281	0.03	0.00879027843	0.00439513922	/home/bowencccc/cnn_mamba_k7_portable/data/processed/cds_gating/w10_frame/train/2L_minus_10000.npz
0.05	heldout	1	splice	20.8601627	0.25	5.21504068	2.60752034	/home/bowencccc/cnn_mamba_k7_portable/data/processed/cds_gating/w10_frame/train/2L_minus_10000.npz
0.05	heldout	1	start_stop	20.5417061	1	20.5417061	10.270853	/home/bowencccc/cnn_mamba_k7_portable/data/processed/cds_gating/w10_frame/train/2L_minus_10000.npz
0.05	heldout	1	phase	19.5947227	0.1	1.95947227	0.979736137	/home/bowencccc/cnn_mamba_k7_portable/data/processed/cds_gating/w10_frame/train/2L_minus_10000.npz
0.05	heldout	1	cds	35.222065	0.05	1.76110325	0.880551624	/home/bowencccc/cnn_mamba_k7_portable/data/processed/cds_gating/w10_frame/train/2L_minus_10000.npz
0.05	heldout	2	splice	1.08125353	0.25	0.270313382	0.135156691	/home/bowencccc/cnn_mamba_k7_portable/data/processed/cds_gating/w10_frame/train/2L_minus_10000.npz
0.05	heldout	2	start_stop	0.295601308	1	0.295601308	0.147800654	/home/bowencccc/cnn_mamba_k7_portable/data/processed/cds_gating/w10_frame/train/2L_minus_10000.npz
0.05	heldout	2	phase	9.69575119	0.1	0.969575119	0.48478756	/home/bowencccc/cnn_mamba_k7_portable/data/processed/cds_gating/w10_frame/train/2L_minus_10000.npz
0.05	heldout	2	cds	38.6022758	0.05	1.93011379	0.965056896	/home/bowencccc/cnn_mamba_k7_portable/data/processed/cds_gating/w10_frame/train/2L_minus_10000.npz
0.05	heldout	3	splice	0.366859466	0.25	0.0917148665	0.0458574332	/home/bowencccc/cnn_mamba_k7_portable/data/processed/cds_gating/w10_frame/train/2L_minus_10000.npz
0.05	heldout	3	start_stop	0.165562734	1	0.165562734	0.082781367	/home/bowencccc/cnn_mamba_k7_portable/data/processed/cds_gating/w10_frame/train/2L_minus_10000.npz
0.05	heldout	3	phase	3.05327225	0.1	0.305327225	0.152663612	/home/bowencccc/cnn_mamba_k7_portable/data/processed/cds_gating/w10_frame/train/2L_minus_10000.npz
0.05	heldout	3	cds	5.89982796	0.05	0.294991398	0.147495699	/home/bowencccc/cnn_mamba_k7_portable/data/processed/cds_gating/w10_frame/train/2L_minus_10000.npz
0.05	heldout	4	splice	0.152790308	0.25	0.038197577	0.0190987885	/home/bowencccc/cnn_mamba_k7_portable/data/processed/cds_gating/w10_frame/train/2L_minus_10000.npz
0.05	heldout	4	start_stop	0.270660102	1	0.270660102	0.135330051	/home/bowencccc/cnn_mamba_k7_portable/data/processed/cds_gating/w10_frame/train/2L_minus_10000.npz
0.05	heldout	4	phase	3.31382179	0.1	0.331382179	0.16569109	/home/bowencccc/cnn_mamba_k7_portable/data/processed/cds_gating/w10_frame/train/2L_minus_10000.npz
0.05	heldout	4	cds	1.12939417	0.05	0.0564697087	0.0282348543	/home/bowencccc/cnn_mamba_k7_portable/data/processed/cds_gating/w10_frame/train/2L_minus_10000.npz
0.05	heldout	5	splice	0.0876182914	0.25	0.0219045728	0.0109522864	/home/bowencccc/cnn_mamba_k7_portable/data/processed/cds_gating/w10_frame/train/2L_minus_10000.npz
0.05	heldout	5	start_stop	0.082780607	1	0.082780607	0.0413903035	/home/bowencccc/cnn_mamba_k7_portable/data/processed/cds_gating/w10_frame/train/2L_minus_10000.npz
0.05	heldout	5	phase	5.09785271	0.1	0.509785271	0.254892635	/home/bowencccc/cnn_mamba_k7_portable/data/processed/cds_gating/w10_frame/train/2L_minus_10000.npz
0.05	heldout	5	cds	0.76694268	0.05	0.038347134	0.019173567	/home/bowencccc/cnn_mamba_k7_portable/data/processed/cds_gating/w10_frame/train/2L_minus_10000.npz
0.05	heldout	6	splice	0.200834617	0.25	0.0502086543	0.0251043271	/home/bowencccc/cnn_mamba_k7_portable/data/processed/cds_gating/w10_frame/train/2L_minus_10000.npz
0.05	heldout	6	start_stop	0.156096384	1	0.156096384	0.078048192	/home/bowencccc/cnn_mamba_k7_portable/data/processed/cds_gating/w10_frame/train/2L_minus_10000.npz
0.05	heldout	6	phase	2.79533529	0.1	0.279533529	0.139766765	/home/bowencccc/cnn_mamba_k7_portable/data/processed/cds_gating/w10_frame/train/2L_minus_10000.npz
0.05	heldout	6	cds	5.17764521	0.05	0.25888226	0.12944113	/home/bowencccc/cnn_mamba_k7_portable/data/processed/cds_gating/w10_frame/train/2L_minus_10000.npz
0.05	heldout	7	splice	0.0785361975	0.25	0.0196340494	0.00981702469	/home/bowencccc/cnn_mamba_k7_portable/data/processed/cds_gating/w10_frame/train/2L_minus_10000.npz
0.05	heldout	7	start_stop	0.471783549	1	0.471783549	0.235891774	/home/bowencccc/cnn_mamba_k7_portable/data/processed/cds_gating/w10_frame/train/2L_minus_10000.npz
0.05	heldout	7	phase	2.29883051	0.1	0.229883051	0.114941525	/home/bowencccc/cnn_mamba_k7_portable/data/processed/cds_gating/w10_frame/train/2L_minus_10000.npz
0.05	heldout	7	cds	1.34901083	0.05	0.0674505413	0.0337252706	/home/bowencccc/cnn_mamba_k7_portable/data/processed/cds_gating/w10_frame/train/2L_minus_10000.npz
0.05	heldout	8	splice	0.0825328305	0.25	0.0206332076	0.0103166038	/home/bowencccc/cnn_mamba_k7_portable/data/processed/cds_gating/w10_frame/train/2L_minus_10000.npz
0.05	heldout	8	start_stop	0.217626661	1	0.217626661	0.108813331	/home/bowencccc/cnn_mamba_k7_portable/data/processed/cds_gating/w10_frame/train/2L_minus_10000.npz
0.05	heldout	8	phase	1.05602539	0.1	0.105602539	0.0528012693	/home/bowencccc/cnn_mamba_k7_portable/data/processed/cds_gating/w10_frame/train/2L_minus_10000.npz
0.05	heldout	8	cds	1.46713459	0.05	0.0733567297	0.0366783649	/home/bowencccc/cnn_mamba_k7_portable/data/processed/cds_gating/w10_frame/train/2L_minus_10000.npz
0.05	heldout	9	splice	0.114335507	0.25	0.0285838768	0.0142919384	/home/bowencccc/cnn_mamba_k7_portable/data/processed/cds_gating/w10_frame/train/2L_minus_10000.npz
0.05	heldout	9	start_stop	0.129610404	1	0.129610404	0.0648052022	/home/bowencccc/cnn_mamba_k7_portable/data/processed/cds_gating/w10_frame/train/2L_minus_10000.npz
0.05	heldout	9	phase	6.29567766	0.1	0.629567766	0.314783883	/home/bowencccc/cnn_mamba_k7_portable/data/processed/cds_gating/w10_frame/train/2L_minus_10000.npz
0.05	heldout	9	cds	2.20029569	0.05	0.110014784	0.0550073922	/home/bowencccc/cnn_mamba_k7_portable/data/processed/cds_gating/w10_frame/train/2L_minus_10000.npz
0.05	heldout	10	splice	0.152968585	0.25	0.0382421464	0.0191210732	/home/bowencccc/cnn_mamba_k7_portable/data/processed/cds_gating/w10_frame/train/2L_minus_10000.npz
0.05	heldout	10	start_stop	0.109258309	1	0.109258309	0.0546291545	/home/bowencccc/cnn_mamba_k7_portable/data/processed/cds_gating/w10_frame/train/2L_minus_10000.npz
0.05	heldout	10	phase	2.9483192	0.1	0.29483192	0.14741596	/home/bowencccc/cnn_mamba_k7_portable/data/processed/cds_gating/w10_frame/train/2L_minus_10000.npz
0.05	heldout	10	cds	1.09380531	0.05	0.0546902657	0.0273451328	/home/bowencccc/cnn_mamba_k7_portable/data/processed/cds_gating/w10_frame/train/2L_minus_10000.npz
0.05	heldout	11	splice	0.0904075131	0.25	0.0226018783	0.0113009391	/home/bowencccc/cnn_mamba_k7_portable/data/processed/cds_gating/w10_frame/train/2L_minus_10000.npz
0.05	heldout	11	start_stop	0.179835677	1	0.179835677	0.0899178386	/home/bowencccc/cnn_mamba_k7_portable/data/processed/cds_gating/w10_frame/train/2L_minus_10000.npz
0.05	heldout	11	phase	4.06770945	0.1	0.406770945	0.203385472	/home/bowencccc/cnn_mamba_k7_portable/data/processed/cds_gating/w10_frame/train/2L_minus_10000.npz
0.05	heldout	11	cds	1.63295829	0.05	0.0816479146	0.0408239573	/home/bowencccc/cnn_mamba_k7_portable/data/processed/cds_gating/w10_frame/train/2L_minus_10000.npz
0.05	heldout	12	splice	0.263286829	0.25	0.0658217072	0.0329108536	/home/bowencccc/cnn_mamba_k7_portable/data/processed/cds_gating/w10_frame/train/2L_minus_10000.npz
0.05	heldout	12	start_stop	0.16020672	1	0.16020672	0.0801033601	/home/bowencccc/cnn_mamba_k7_portable/data/processed/cds_gating/w10_frame/train/2L_minus_10000.npz
0.05	heldout	12	phase	8.85504627	0.1	0.885504627	0.442752314	/home/bowencccc/cnn_mamba_k7_portable/data/processed/cds_gating/w10_frame/train/2L_minus_10000.npz
0.05	heldout	12	cds	1.74789619	0.05	0.0873948097	0.0436974049	/home/bowencccc/cnn_mamba_k7_portable/data/processed/cds_gating/w10_frame/train/2L_minus_10000.npz
0.05	heldout	13	splice	0.160432398	0.25	0.0401080996	0.0200540498	/home/bowencccc/cnn_mamba_k7_portable/data/processed/cds_gating/w10_frame/train/2L_minus_10000.npz
0.05	heldout	13	start_stop	0.206563443	1	0.206563443	0.103281721	/home/bowencccc/cnn_mamba_k7_portable/data/processed/cds_gating/w10_frame/train/2L_minus_10000.npz
0.05	heldout	13	phase	1.7710824	0.1	0.17710824	0.0885541201	/home/bowencccc/cnn_mamba_k7_portable/data/processed/cds_gating/w10_frame/train/2L_minus_10000.npz
0.05	heldout	13	cds	1.16111386	0.05	0.0580556929	0.0290278465	/home/bowencccc/cnn_mamba_k7_portable/data/processed/cds_gating/w10_frame/train/2L_minus_10000.npz
0.05	heldout	14	splice	0.181811139	0.25	0.0454527847	0.0227263924	/home/bowencccc/cnn_mamba_k7_portable/data/processed/cds_gating/w10_frame/train/2L_minus_10000.npz
0.05	heldout	14	start_stop	0.0969619602	1	0.0969619602	0.0484809801	/home/bowencccc/cnn_mamba_k7_portable/data/processed/cds_gating/w10_frame/train/2L_minus_10000.npz
0.05	heldout	14	phase	0.415916741	0.1	0.0415916741	0.020795837	/home/bowencccc/cnn_mamba_k7_portable/data/processed/cds_gating/w10_frame/train/2L_minus_10000.npz
0.05	heldout	14	cds	1.39450061	0.05	0.0697250307	0.0348625153	/home/bowencccc/cnn_mamba_k7_portable/data/processed/cds_gating/w10_frame/train/2L_minus_10000.npz
0.05	chrxtrain	1	splice	20.8601627	0.25	5.21504068	2.60752034	/home/bowencccc/cnn_mamba_k7_portable/data/processed/cds_gating/w10_frame/train/2L_minus_10000.npz
0.05	chrxtrain	1	start_stop	20.5417061	1	20.5417061	10.270853	/home/bowencccc/cnn_mamba_k7_portable/data/processed/cds_gating/w10_frame/train/2L_minus_10000.npz
0.05	chrxtrain	1	phase	19.5947227	0.1	1.95947227	0.979736137	/home/bowencccc/cnn_mamba_k7_portable/data/processed/cds_gating/w10_frame/train/2L_minus_10000.npz
0.05	chrxtrain	1	cds	35.222065	0.05	1.76110325	0.880551624	/home/bowencccc/cnn_mamba_k7_portable/data/processed/cds_gating/w10_frame/train/2L_minus_10000.npz
0.05	chrxtrain	2	splice	0.544168532	0.25	0.136042133	0.0680210665	/home/bowencccc/cnn_mamba_k7_portable/data/processed/cds_gating/w10_frame/train/2L_minus_10000.npz
0.05	chrxtrain	2	start_stop	0.20741871	1	0.20741871	0.103709355	/home/bowencccc/cnn_mamba_k7_portable/data/processed/cds_gating/w10_frame/train/2L_minus_10000.npz
0.05	chrxtrain	2	phase	5.09872866	0.1	0.509872866	0.254936433	/home/bowencccc/cnn_mamba_k7_portable/data/processed/cds_gating/w10_frame/train/2L_minus_10000.npz
0.05	chrxtrain	2	cds	16.0378799	0.05	0.801893997	0.400946999	/home/bowencccc/cnn_mamba_k7_portable/data/processed/cds_gating/w10_frame/train/2L_minus_10000.npz
0.05	chrxtrain	3	splice	0.319471806	0.25	0.0798679516	0.0399339758	/home/bowencccc/cnn_mamba_k7_portable/data/processed/cds_gating/w10_frame/train/2L_minus_10000.npz
0.05	chrxtrain	3	start_stop	0.155548483	1	0.155548483	0.0777742416	/home/bowencccc/cnn_mamba_k7_portable/data/processed/cds_gating/w10_frame/train/2L_minus_10000.npz
0.05	chrxtrain	3	phase	4.3664341	0.1	0.43664341	0.218321705	/home/bowencccc/cnn_mamba_k7_portable/data/processed/cds_gating/w10_frame/train/2L_minus_10000.npz
0.05	chrxtrain	3	cds	11.2269802	0.05	0.56134901	0.280674505	/home/bowencccc/cnn_mamba_k7_portable/data/processed/cds_gating/w10_frame/train/2L_minus_10000.npz
0.05	chrxtrain	4	splice	0.225556403	0.25	0.0563891008	0.0281945504	/home/bowencccc/cnn_mamba_k7_portable/data/processed/cds_gating/w10_frame/train/2L_minus_10000.npz
0.05	chrxtrain	4	start_stop	0.0842121542	1	0.0842121542	0.0421060771	/home/bowencccc/cnn_mamba_k7_portable/data/processed/cds_gating/w10_frame/train/2L_minus_10000.npz
0.05	chrxtrain	4	phase	0.965632081	0.1	0.0965632081	0.0482816041	/home/bowencccc/cnn_mamba_k7_portable/data/processed/cds_gating/w10_frame/train/2L_minus_10000.npz
0.05	chrxtrain	4	cds	0.619247019	0.05	0.030962351	0.0154811755	/home/bowencccc/cnn_mamba_k7_portable/data/processed/cds_gating/w10_frame/train/2L_minus_10000.npz
0.05	chrxtrain	5	splice	0.0889073834	0.25	0.0222268458	0.0111134229	/home/bowencccc/cnn_mamba_k7_portable/data/processed/cds_gating/w10_frame/train/2L_minus_10000.npz
0.05	chrxtrain	5	start_stop	0.0984566808	1	0.0984566808	0.0492283404	/home/bowencccc/cnn_mamba_k7_portable/data/processed/cds_gating/w10_frame/train/2L_minus_10000.npz
0.05	chrxtrain	5	phase	2.44866395	0.1	0.244866395	0.122433197	/home/bowencccc/cnn_mamba_k7_portable/data/processed/cds_gating/w10_frame/train/2L_minus_10000.npz
0.05	chrxtrain	5	cds	1.02159536	0.05	0.0510797679	0.025539884	/home/bowencccc/cnn_mamba_k7_portable/data/processed/cds_gating/w10_frame/train/2L_minus_10000.npz
0.05	chrxtrain	6	splice	0.0651288107	0.25	0.0162822027	0.00814110134	/home/bowencccc/cnn_mamba_k7_portable/data/processed/cds_gating/w10_frame/train/2L_minus_10000.npz
0.05	chrxtrain	6	start_stop	0.0563668907	1	0.0563668907	0.0281834453	/home/bowencccc/cnn_mamba_k7_portable/data/processed/cds_gating/w10_frame/train/2L_minus_10000.npz
0.05	chrxtrain	6	phase	0.108323269	0.1	0.0108323269	0.00541616343	/home/bowencccc/cnn_mamba_k7_portable/data/processed/cds_gating/w10_frame/train/2L_minus_10000.npz
0.05	chrxtrain	6	cds	0.595173836	0.05	0.0297586918	0.0148793459	/home/bowencccc/cnn_mamba_k7_portable/data/processed/cds_gating/w10_frame/train/2L_minus_10000.npz
0.05	chrxtrain	7	splice	0.0492663272	0.25	0.0123165818	0.0061582909	/home/bowencccc/cnn_mamba_k7_portable/data/processed/cds_gating/w10_frame/train/2L_minus_10000.npz
0.05	chrxtrain	7	start_stop	0.109113999	1	0.109113999	0.0545569994	/home/bowencccc/cnn_mamba_k7_portable/data/processed/cds_gating/w10_frame/train/2L_minus_10000.npz
0.05	chrxtrain	7	phase	1.97814369	0.1	0.197814369	0.0989071846	/home/bowencccc/cnn_mamba_k7_portable/data/processed/cds_gating/w10_frame/train/2L_minus_10000.npz
0.05	chrxtrain	7	cds	0.678873718	0.05	0.0339436859	0.0169718429	/home/bowencccc/cnn_mamba_k7_portable/data/processed/cds_gating/w10_frame/train/2L_minus_10000.npz
0.05	chrxtrain	8	splice	0.0708849207	0.25	0.0177212302	0.00886061508	/home/bowencccc/cnn_mamba_k7_portable/data/processed/cds_gating/w10_frame/train/2L_minus_10000.npz
0.05	chrxtrain	8	start_stop	0.0666587353	1	0.0666587353	0.0333293676	/home/bowencccc/cnn_mamba_k7_portable/data/processed/cds_gating/w10_frame/train/2L_minus_10000.npz
0.05	chrxtrain	8	phase	0.962530255	0.1	0.0962530255	0.0481265128	/home/bowencccc/cnn_mamba_k7_portable/data/processed/cds_gating/w10_frame/train/2L_minus_10000.npz
0.05	chrxtrain	8	cds	0.299444288	0.05	0.0149722144	0.0074861072	/home/bowencccc/cnn_mamba_k7_portable/data/processed/cds_gating/w10_frame/train/2L_minus_10000.npz
0.05	chrxtrain	9	splice	0.0531178452	0.25	0.0132794613	0.00663973065	/home/bowencccc/cnn_mamba_k7_portable/data/processed/cds_gating/w10_frame/train/2L_minus_10000.npz
0.05	chrxtrain	9	start_stop	0.08642257	1	0.08642257	0.043211285	/home/bowencccc/cnn_mamba_k7_portable/data/processed/cds_gating/w10_frame/train/2L_minus_10000.npz
0.05	chrxtrain	9	phase	0.928167343	0.1	0.0928167343	0.0464083672	/home/bowencccc/cnn_mamba_k7_portable/data/processed/cds_gating/w10_frame/train/2L_minus_10000.npz
0.05	chrxtrain	9	cds	0.719694376	0.05	0.0359847188	0.0179923594	/home/bowencccc/cnn_mamba_k7_portable/data/processed/cds_gating/w10_frame/train/2L_minus_10000.npz
0.05	chrxtrain	10	splice	0.0927162394	0.25	0.0231790598	0.0115895299	/home/bowencccc/cnn_mamba_k7_portable/data/processed/cds_gating/w10_frame/train/2L_minus_10000.npz
0.05	chrxtrain	10	start_stop	0.0759814978	1	0.0759814978	0.0379907489	/home/bowencccc/cnn_mamba_k7_portable/data/processed/cds_gating/w10_frame/train/2L_minus_10000.npz
0.05	chrxtrain	10	phase	0.36130017	0.1	0.036130017	0.0180650085	/home/bowencccc/cnn_mamba_k7_portable/data/processed/cds_gating/w10_frame/train/2L_minus_10000.npz
0.05	chrxtrain	10	cds	0.773930192	0.05	0.0386965096	0.0193482548	/home/bowencccc/cnn_mamba_k7_portable/data/processed/cds_gating/w10_frame/train/2L_minus_10000.npz
0.05	chrxtrain	11	splice	0.0731322989	0.25	0.0182830747	0.00914153736	/home/bowencccc/cnn_mamba_k7_portable/data/processed/cds_gating/w10_frame/train/2L_minus_10000.npz
0.05	chrxtrain	11	start_stop	0.0906034037	1	0.0906034037	0.0453017019	/home/bowencccc/cnn_mamba_k7_portable/data/processed/cds_gating/w10_frame/train/2L_minus_10000.npz
0.05	chrxtrain	11	phase	0.615937889	0.1	0.0615937889	0.0307968944	/home/bowencccc/cnn_mamba_k7_portable/data/processed/cds_gating/w10_frame/train/2L_minus_10000.npz
0.05	chrxtrain	11	cds	0.359745443	0.05	0.0179872721	0.00899363607	/home/bowencccc/cnn_mamba_k7_portable/data/processed/cds_gating/w10_frame/train/2L_minus_10000.npz
