task	candidates	reference_sites	matched_positives	AUPRC	regime	phase_weight
donor	1236362	3403	3403	0.959216689	heldout	0.030000000
acceptor	1245749	3438	3438	0.955697289	heldout	0.030000000
start	411520	1281	1281	0.837768549	heldout	0.030000000
stop	1060569	1265	1265	0.869800414	heldout	0.030000000
donor	1236362	3403	3403	0.959835683	heldout	0.050000000
acceptor	1245749	3438	3438	0.953957085	heldout	0.050000000
start	411520	1281	1281	0.853414781	heldout	0.050000000
stop	1060569	1265	1265	0.874851960	heldout	0.050000000
donor	1236362	3403	3403	0.955915129	heldout	0.100000000
acceptor	1245749	3438	3438	0.952745576	heldout	0.100000000
start	411520	1281	1281	0.850984495	heldout	0.100000000
stop	1060569	1265	1265	0.882286936	heldout	0.100000000
donor	1236362	3403	3403	0.948270065	heldout	0.200000000
acceptor	1245749	3438	3438	0.943845147	heldout	0.200000000
start	411520	1281	1281	0.842286772	heldout	0.200000000
stop	1060569	1265	1265	0.875233123	heldout	0.200000000
donor	1236362	3403	3403	0.967228593	chrxtrain	0.030000000
acceptor	1245749	3438	3438	0.965841679	chrxtrain	0.030000000
start	411520	1281	1281	0.893435847	chrxtrain	0.030000000
stop	1060569	1265	1265	0.907129530	chrxtrain	0.030000000
donor	1236362	3403	3403	0.960371500	chrxtrain	0.050000000
acceptor	1245749	3438	3438	0.959754537	chrxtrain	0.050000000
start	411520	1281	1281	0.887527052	chrxtrain	0.050000000
stop	1060569	1265	1265	0.901226826	chrxtrain	0.050000000
donor	1236362	3403	3403	0.963164535	chrxtrain	0.100000000
acceptor	1245749	3438	3438	0.957508819	chrxtrain	0.100000000
start	411520	1281	1281	0.881101731	chrxtrain	0.100000000
stop	1060569	1265	1265	0.907998279	chrxtrain	0.100000000
donor	1236362	3403	3403	0.954225957	chrxtrain	0.200000000
acceptor	1245749	3438	3438	0.944989856	chrxtrain	0.200000000
start	411520	1281	1281	0.855881244	chrxtrain	0.200000000
stop	1060569	1265	1265	0.885088904	chrxtrain	0.200000000
