regime	target	scores	AP	best_F1	precision	recall	threshold	positives	evaluated_bases
heldout	CDS	CDS head	0.986013013	0.956557197	0.966367275	0.946944291	0.464224664	2012790	23542271
heldout	phase_0	raw phase	0.792891473	0.862782837	0.795820167	0.942049693	0.999755800	670471	23540928
heldout	phase_0	CDS-gated phase	0.976495053	0.950699248	0.961802164	0.939849747	0.450305250	670471	23540928
heldout	phase_1	raw phase	0.774892765	0.830699615	0.739632968	0.947340005	0.999755800	670490	23540928
heldout	phase_1	CDS-gated phase	0.977944327	0.950718650	0.960531503	0.941104267	0.465689866	670490	23540928
heldout	phase_2	raw phase	0.782419193	0.836651311	0.748335722	0.948601462	0.999755800	670486	23540928
heldout	phase_2	CDS-gated phase	0.977691692	0.950758438	0.960628639	0.941089001	0.474969475	670486	23540928
chrxtrain	CDS	CDS head	0.986887285	0.957711153	0.962949923	0.952529077	0.532844933	2012790	23542271
chrxtrain	phase_0	raw phase	0.850144659	0.885380481	0.876109244	0.894850038	0.999755800	670471	23540928
chrxtrain	phase_0	CDS-gated phase	0.979989794	0.953623793	0.959865943	0.947462306	0.542612943	670471	23540928
chrxtrain	phase_1	raw phase	0.800740675	0.861156792	0.826757531	0.898542857	0.999755800	670490	23540928
chrxtrain	phase_1	CDS-gated phase	0.979344263	0.953717026	0.958443162	0.949037271	0.511599512	670490	23540928
chrxtrain	phase_2	raw phase	0.794208637	0.861136937	0.817532327	0.909655086	0.999755800	670486	23540928
chrxtrain	phase_2	CDS-gated phase	0.979867351	0.953536631	0.960021951	0.947138344	0.533333333	670486	23540928
