task	candidates	reference_sites	matched_positives	AUPRC	model	key	regime
donor	1236362	3403	3403	0.955915129	phase only	phase	heldout
acceptor	1245749	3438	3438	0.952745576	phase only	phase	heldout
start	411520	1281	1281	0.850984495	phase only	phase	heldout
stop	1060569	1265	1265	0.882286936	phase only	phase	heldout
donor	1236362	3403	3403	0.963164535	phase only	phase	chrxtrain
acceptor	1245749	3438	3438	0.957508819	phase only	phase	chrxtrain
start	411520	1281	1281	0.881101731	phase only	phase	chrxtrain
stop	1060569	1265	1265	0.907998279	phase only	phase	chrxtrain
donor	1236362	3403	3403	0.956949450	dense CDS=0.03	dense	heldout
acceptor	1245749	3438	3438	0.951844069	dense CDS=0.03	dense	heldout
start	411520	1281	1281	0.860838707	dense CDS=0.03	dense	heldout
stop	1060569	1265	1265	0.885793288	dense CDS=0.03	dense	heldout
donor	1236362	3403	3403	0.966936978	dense CDS=0.03	dense	chrxtrain
acceptor	1245749	3438	3438	0.962927723	dense CDS=0.03	dense	chrxtrain
start	411520	1281	1281	0.892166782	dense CDS=0.03	dense	chrxtrain
stop	1060569	1265	1265	0.902838144	dense CDS=0.03	dense	chrxtrain
donor	1236362	3403	3403	0.958207246	4-state beta=0.03	b003	heldout
acceptor	1245749	3438	3438	0.955250033	4-state beta=0.03	b003	heldout
start	411520	1281	1281	0.836145384	4-state beta=0.03	b003	heldout
stop	1060569	1265	1265	0.881560289	4-state beta=0.03	b003	heldout
donor	1236362	3403	3403	0.958848323	4-state beta=0.03	b003	chrxtrain
acceptor	1245749	3438	3438	0.954816495	4-state beta=0.03	b003	chrxtrain
start	411520	1281	1281	0.875484416	4-state beta=0.03	b003	chrxtrain
stop	1060569	1265	1265	0.894490862	4-state beta=0.03	b003	chrxtrain
donor	1236362	3403	3403	0.956960701	4-state beta=0.10	b010	heldout
acceptor	1245749	3438	3438	0.957734266	4-state beta=0.10	b010	heldout
start	411520	1281	1281	0.854723183	4-state beta=0.10	b010	heldout
stop	1060569	1265	1265	0.885016320	4-state beta=0.10	b010	heldout
donor	1236362	3403	3403	0.968424403	4-state beta=0.10	b010	chrxtrain
acceptor	1245749	3438	3438	0.964707835	4-state beta=0.10	b010	chrxtrain
start	411520	1281	1281	0.890828859	4-state beta=0.10	b010	chrxtrain
stop	1060569	1265	1265	0.907509238	4-state beta=0.10	b010	chrxtrain
donor	1236362	3403	3403	0.958155240	4-state beta=0.30	b030	heldout
acceptor	1245749	3438	3438	0.952656864	4-state beta=0.30	b030	heldout
start	411520	1281	1281	0.857548045	4-state beta=0.30	b030	heldout
stop	1060569	1265	1265	0.885245788	4-state beta=0.30	b030	heldout
donor	1236362	3403	3403	0.964441796	4-state beta=0.30	b030	chrxtrain
acceptor	1245749	3438	3438	0.961749436	4-state beta=0.30	b030	chrxtrain
start	411520	1281	1281	0.882646287	4-state beta=0.30	b030	chrxtrain
stop	1060569	1265	1265	0.905577408	4-state beta=0.30	b030	chrxtrain
