method	sn	pr	f1	predicted_loci	matched_loci	missed_loci	novel_loci	model	key
UniAnn	77.100000000	77.200000000	77.149967600	1068	825	41	28	phase only	phase
EviAnn+UniAnn	91.600000000	89.500000000	90.537824400	1080	980	20	35	phase only	phase
UniAnn	79.000000000	77.100000000	78.038436900	1096	845	37	47	dense CDS=0.03	dense
EviAnn+UniAnn	91.800000000	88.300000000	90.015991100	1095	982	23	51	dense CDS=0.03	dense
UniAnn	77.700000000	70.800000000	74.089697000	1173	831	28	85	4-state beta=0.03	b003
EviAnn+UniAnn	91.300000000	84.000000000	87.498003400	1152	977	13	88	4-state beta=0.03	b003
UniAnn	80.400000000	79.600000000	79.998000000	1081	860	38	32	4-state beta=0.10	b010
EviAnn+UniAnn	91.200000000	89.500000000	90.342003300	1082	976	22	35	4-state beta=0.10	b010
UniAnn	78.700000000	78.600000000	78.649968200	1071	842	48	25	4-state beta=0.30	b030
EviAnn+UniAnn	90.700000000	89.500000000	90.096004400	1078	971	24	29	4-state beta=0.30	b030
